,Mean,Variance,Median,Mode,Skewness,Kurtosis,Energy,Entropy,MinimalGrayLevel,MaximalGrayLevel,CoefficientOfVariation,10Percentile,25Percentile,75Percentile,90Percentile,HistogramWidth,ASM,Contrast,Correlation,SumOfSquaresVariance,InverseDifferenceMoment,SumAverage,SumVariance,SumEntropy,Entropy,DifferenceVariance,DifferenceEntropy,Information1,Information2,MaximalCorrelationCoefficient,Target
Image_1,147.56224138289176,352.01535325017227,148.0,149.0,-0.320142144689356,5.631918600828139,0.018444926919611485,4.29388338259344,25.0,255.0,0.08244334693337682,125.0,138.0,157.0,167.0,42.0,0.00040861165321480285,522.9115270398879,0.2544695978863424,350.665010180468,0.07614939120436778,293.96247819754797,879.7485136819669,6.814901172756878,12.149193424290102,0.00010357105614465879,5.4595105521349705,-0.03313595089952315,0.5615204799945753,3.8529536362649344,1
Image_2,148.78863060974174,326.5185885040192,149.0,149.0,-0.1332695517818041,6.3380217397981955,0.02022164877161516,4.229084672152285,0.0,254.0,0.08203957228257798,128.0,139.0,157.0,166.0,38.0,0.0005449345403231964,414.14998966562473,0.3609782956036441,324.12706849657116,0.09844286469983732,296.3556587052449,882.3582843206968,6.7960581799315865,11.863078621051859,0.0001347753679424943,5.20225717701023,-0.04926564140299304,0.6437058098836904,4.466192394665598,1
Image_3,160.55762500984326,281.8351412253413,161.0,162.0,-0.8094244498772001,7.938976453688756,0.023744879120843155,4.103882740205602,29.0,255.0,0.07902818405336791,143.0,153.0,168.0,176.0,33.0,0.0008629230485558805,327.8634286038586,0.4148925440329145,280.1962717751758,0.13322693894256565,319.82187264359885,792.9216584968308,6.668824344735689,11.389313661486684,0.00018187005578267518,4.902607166045975,-0.07031021769272158,0.7249788747375849,4.477778570870538,1
Image_4,168.59359561592112,279.97610506551143,172.0,174.0,-1.6912572196555613,7.0721216419480495,0.02311600741552516,4.073291642113806,56.0,222.0,0.07778988875995892,147.0,162.0,178.0,184.0,37.0,0.0007451007501275919,253.63175961967448,0.5448276766209641,278.5870921284295,0.11636884790665487,335.9133602414295,860.7166088940357,6.606191499449152,11.373570950741165,0.00018418413932662264,4.91644156226464,-0.058533306327643184,0.6685193142344188,5.408634473746616,1
Image_5,151.4970430563978,361.89475917359886,152.0,152.0,-0.910856130605188,6.0255113086938765,0.01749840676052018,4.306531243526049,20.0,255.0,0.08137999103618344,130.0,141.0,162.0,172.0,42.0,0.0005742504475346547,293.5653773965071,0.5888232385707712,357.44360053358105,0.13500202282724968,301.8394860421524,1136.20902473784,7.057757203071347,11.693740726021684,0.00019361744891269032,4.807042989816036,-0.11109908618283879,0.8463353957559405,5.408066387875078,1
Image_6,157.6171724709186,416.246611503005,159.0,160.0,-2.1110227449601884,11.675705047028746,0.019272305745141077,4.252316171169752,0.0,232.0,0.08000092892952404,138.0,150.0,168.0,177.0,39.0,0.00048005106983208966,453.8012708443542,0.45063139431654975,412.91729131918055,0.09262213678294785,314.009602246029,1197.8678944323983,6.873888203901862,11.910229838287725,0.0001443940211452656,5.20717155341964,-0.05262055515213404,0.6588808786351351,4.24686059533859,1
Image_7,141.19402287139724,320.09758691582425,142.0,154.0,-0.5260788599793489,3.048063617561947,0.016107278168617067,4.288015726671381,48.0,206.0,0.08439716530115933,117.0,129.0,154.0,162.0,45.0,0.00038097275621153896,351.02318778125635,0.4486076860973567,318.33670840528157,0.10608404147596945,281.36150773186523,922.3236458398496,6.939267794105597,11.990779472141032,0.0001558595525533423,5.189055746594569,-0.055673159442302646,0.6661100182536974,4.441397834783616,1
Image_8,157.3366706450696,505.30912330286844,159.0,158.0,-0.7024266422063863,6.3408847230200855,0.01501974513058288,4.45695139840063,28.0,255.0,0.08014355560735027,130.0,145.0,171.0,180.0,50.0,0.0007583762151811688,236.87795450476904,0.7553215645133964,487.6960275326928,0.20833689083697543,313.0752910737426,1713.9061556259985,7.311921411515147,11.447002489540775,0.00029138631760946735,4.369583659892374,-0.21037498260511647,0.9575836285055008,4.896674148135193,1
Image_9,154.57710614983068,303.2149704370867,156.0,158.0,-0.8562494614255874,4.489231237896063,0.018307952585951776,4.230446265409086,68.0,255.0,0.08080107273253205,132.0,145.0,166.0,173.0,41.0,0.0008196179365814612,144.1503914560809,0.7545930596749003,294.73434162831927,0.18457059079452448,308.26857758485744,1034.7869750572063,6.992724542212155,11.154913636581531,0.0002733069423733454,4.320886570322308,-0.16327000012326492,0.9189555958622224,4.845074211845916,1
Image_10,132.7460694384671,422.96418373140676,132.0,128.0,-0.5513036664142795,7.681071405861001,0.01816411931792447,4.318156987541898,15.0,255.0,0.08654964581381981,113.0,123.0,143.0,153.0,40.0,0.0006925076372637929,214.81979270055038,0.7430720370995757,418.4914791077863,0.15457951330589056,264.45696617132353,1459.1461237305666,7.100453485333124,11.534426998866154,0.0002219692071201332,4.598309605419147,-0.14155940413181858,0.8988253163489694,5.823268956898222,1
Image_11,136.91680859201998,107.55314361236736,136.0,136.0,-0.6141077287150728,9.363744151372224,0.03593045850271224,3.633782790980389,11.0,207.0,0.08517510676457807,126.0,131.0,141.0,147.0,21.0,0.0017141242047218142,93.3354192992062,0.5631480918317961,106.82732282423422,0.16683123487650628,272.76107014516214,333.973871997714,6.04535934842479,10.069765234857929,0.0003367670895584275,4.150267362776227,-0.07362236844806533,0.7102307812036548,5.653704347587583,1
Image_12,134.50957391754355,38.92759396835936,134.0,135.0,-1.534968437623858,9.386818940568617,0.0528577836560111,3.173056105201184,59.0,166.0,0.08605957602606334,127.0,131.0,138.0,141.0,14.0,0.003686746214966721,27.548141457654918,0.642139638986679,38.490513445771285,0.23838249981946244,267.9665401795528,126.4139123254572,5.413355810111192,8.73687929569169,0.0006463710395796194,3.4469820342661315,-0.08624583399244143,0.7264249040418148,4.481939919495526,1
Image_13,170.5912425321691,444.1368952252522,174.0,178.0,-1.2114899939162884,5.075165303913606,0.01568958986451744,4.38350789253635,9.0,245.0,0.07732463731709707,142.0,159.0,184.0,193.0,51.0,0.0005048066475268501,138.6812549709526,0.8422853156418139,439.8426659049719,0.12791522129593408,339.9513453297162,1620.6894086489447,7.243179188112461,11.671927650835517,0.00020833739295344968,4.550210113981637,-0.14798277997689996,0.9156010400079232,5.869707242404661,1
Image_14,155.37706288833402,675.8147311660264,158.0,161.0,-0.8737279703475539,4.099175871036837,0.011972927627241819,4.633490258401847,32.0,238.0,0.08089871732876151,122.0,141.0,173.0,185.0,63.0,0.00018686086084000977,528.1791228288921,0.6074543706671639,672.7707900332744,0.06522084773651808,309.5031362951874,2162.9040373041826,7.490535333518654,12.955378874980916,9.293538054353515e-05,5.550787288280141,-0.05599038098311335,0.7012744854115706,7.230864078840856,1
Image_15,135.3003370786517,320.74919301306267,135.0,135.0,-0.3009685075912527,3.755976066407857,0.01661922379304939,4.305308457049049,25.0,229.0,0.08587524827723095,113.0,124.0,146.0,157.0,44.0,0.000384044855769235,221.94428018336583,0.6507508787324723,317.8588427793329,0.09176666559237928,269.65289221175726,1049.4910909339596,7.049421386504989,11.929637838819993,0.00015747545978539717,4.933112704325634,-0.072639553282707,0.759987705067932,6.548735346421481,1
Image_16,157.87394079446756,306.0210762158976,157.0,157.0,-1.1655482381725846,8.017337480219096,0.0190594416824721,4.200846985039135,26.0,223.0,0.07936689249085217,139.0,148.0,167.0,178.0,39.0,0.0006758647735680418,147.78872399653517,0.755020134833627,302.0137696261436,0.14941812992671785,314.5926590317021,1060.2663545080359,6.934233494480495,11.315913372869378,0.00025060630892965785,4.507059860499219,-0.1263629516226041,0.8695202252575337,5.352354385568719,1
Image_17,125.35214013071896,805.0769570312401,129.0,139.0,-0.6683873712000659,4.584168976882932,0.012148327078515854,4.697540488950752,0.0,255.0,0.09060728185220018,88.0,111.0,143.0,153.0,65.0,0.0004523526338967351,406.6386255770493,0.7422982527363073,790.5748199030677,0.1523986853760901,250.05820875688613,2755.6606540352423,7.650841438976599,12.398345294578505,0.0001882576424642947,4.981200934495653,-0.1627901656859202,0.9329373213369364,6.30815407904808,1
Image_18,145.32776084621406,707.4308072266648,148.0,158.0,-0.8774855421991593,4.574516908202723,0.011893412963210873,4.657844179082107,0.0,249.0,0.08371095095499342,110.0,130.0,163.0,174.0,64.0,0.0002676593882285217,369.1653308852154,0.7349401352061052,697.107711329164,0.09723079084635969,289.71581000598087,2419.2655144314267,7.57609775020299,12.61501660742411,0.0001396255177048033,5.144687077300716,-0.11555255942168818,0.8764641894527258,6.3718623667190535,1
Image_19,117.99939403706688,648.4108461095241,119.0,121.0,-0.4107778060653103,3.277995994008595,0.01175232565348234,4.648156205153483,10.0,200.0,0.09244718757800557,83.0,103.0,134.0,150.0,67.0,0.00039003149052303657,206.762901501847,0.8366778359393385,635.0730662922242,0.15049570163251555,235.5229977740679,2333.5293636670303,7.6039222155902255,12.119975472863327,0.0002611063553069203,4.664117348100902,-0.18421458944310615,0.9470189545039975,5.146790768914607,1
Image_20,153.29844519378878,479.24457738983295,156.0,160.0,-1.1384774380580476,5.271798749980269,0.01511108640092841,4.437152818647768,19.0,230.0,0.08147503375528596,125.0,142.0,167.0,177.0,52.0,0.0002863909960097389,561.1554958610889,0.4076857377449039,474.0407879608556,0.07240915974445357,305.5523037051871,1335.0076559823174,7.106563136035496,12.500974363646469,0.00010624539028143118,5.523106338765508,-0.04005120329545354,0.6061404930618112,4.77399452243618,1
Image_21,109.33009537642218,271.6530363584031,107.0,105.0,0.9040939386270552,6.42693760508033,0.02189922516046654,4.115840055817904,0.0,255.0,0.0946132937794855,92.0,99.0,116.0,127.0,35.0,0.0015658544093636964,179.9289427864918,0.6665850222086993,269.8894985497609,0.2382216740538905,217.85831821315173,899.6290514125376,6.825305209563023,10.806450029975334,0.0003475841140190605,4.2468744967832786,-0.17429056749304941,0.8987433218100453,4.3497173486630105,2
Image_22,126.16216805350376,813.2563012398539,121.0,115.0,1.0488113194092668,5.036414702557531,0.012179919965091315,4.680669831308918,0.0,255.0,0.08718937039299325,96.0,108.0,139.0,161.0,65.0,0.00035434816668171866,784.7175462058045,0.5117597371654198,804.296553347408,0.13084064463825473,251.15394913381013,2432.468667183799,7.564606701168079,12.60185143218014,0.00015890522348777702,5.26746074710796,-0.12685141912542047,0.8885233515526774,5.3022745433734855,2
Image_23,127.67898471717906,796.198667813767,123.0,119.0,1.0589502612778146,5.006525888359931,0.012043622417960571,4.6734349214990685,10.0,255.0,0.08686266209725897,97.0,109.0,140.0,161.0,64.0,0.0003288296658141512,859.5500938429323,0.4580479844798523,792.9634389364819,0.1266157862979316,254.34554427469618,2312.3036619030026,7.547692735261478,12.6725560684249,0.00015126534758918623,5.339902205887451,-0.11465507641100921,0.8656996208199065,5.286081897126451,2
Image_24,135.7980143922224,205.08380476127468,135.0,135.0,0.39693917233986953,6.888509855441155,0.030993132658395095,3.889425433512582,49.0,226.0,0.0855605296632946,122.0,129.0,140.0,149.0,27.0,0.0024743737198144027,231.93413137377618,0.4252620796568779,202.11096023046412,0.268178463200246,270.45980837098944,576.5097095481105,6.409285249143662,10.430566040626868,0.0003781821798796684,4.350024503459531,-0.13360008990162764,0.8442874464774659,3.809038383061619,2
Image_25,136.60356124762143,245.97583865020735,136.0,135.0,-0.07656254935681188,7.029682927024258,0.028074261757987735,3.986310720764096,34.0,227.0,0.08537042287317133,122.0,130.0,142.0,151.0,29.0,0.001968159283096622,212.05410526811235,0.567089874408307,244.8832565438006,0.24517376236154712,272.1425269328015,767.4789209070987,6.597257054089705,10.660915567913198,0.0003559689177562127,4.353171387562222,-0.14101330262973152,0.8693109435997585,5.371209412646344,2
Image_26,138.96054763668693,276.6595299442131,138.0,138.0,-0.17459066611381635,6.609592924357704,0.023231158722846073,4.108126038591283,13.0,240.0,0.08453723250417962,123.0,131.0,146.0,156.0,33.0,0.0015666046009892764,161.46699048846193,0.7070185352811988,275.5111559750803,0.25128877324235604,276.8332203161823,940.5776334118673,6.82529082907783,10.759654566747747,0.0003619467484253289,4.2003957435070784,-0.17938292298689934,0.9270651919286313,5.411835526981207,2
Image_27,132.94535543115393,326.2672625073146,129.0,127.0,1.8630589342859303,7.414322708660752,0.02570806717000796,4.012327196297214,72.0,246.0,0.08543221878467368,117.0,122.0,136.0,153.0,36.0,0.001082269563283329,296.14332808648976,0.5441148453641425,324.77034238395754,0.15796954190112206,264.8494525057384,1002.9380414493899,6.647446694454698,11.02679679426214,0.0002314495920479246,4.697209817392347,-0.08917042577879128,0.7690179862341422,4.5545923699533475,2
Image_28,127.71113233676309,442.6787168241964,124.0,123.0,1.0709718900955973,5.604675860504089,0.01839807101751359,4.323685118729452,22.0,255.0,0.08719309367876113,106.0,115.0,135.0,152.0,46.0,0.0006796151123065108,229.2843977135921,0.7379561480174359,437.8738163023563,0.14789280335777136,254.52928599333194,1522.2108674958527,7.140413563684186,11.5962114439686,0.00021268227781839666,4.674688575669035,-0.13360535344650007,0.8855447267139486,5.330515987606457,2
Image_29,128.53758843743685,969.4365931416027,134.0,147.0,-0.8028769527795597,3.7198622915270954,0.010032537380567962,4.806229002054101,0.0,237.0,0.09005799037862404,87.0,109.0,150.0,162.0,75.0,0.0002484413613058815,623.4931935060351,0.6762280974932879,963.022900831892,0.1147803525725507,256.09950578931637,3228.5984098215376,7.784720005411102,13.005743607347654,0.0001504142136259145,5.389706218862313,-0.11809461168903118,0.8203708927286899,6.905195235648706,2
Image_30,112.64250471248955,103.3984534505232,114.0,114.0,-4.579819806438217,31.783303558546955,0.07139115344045623,3.0744889573253826,3.0,180.0,0.09478729436355884,107.0,111.0,116.0,118.0,11.0,0.010205167227977645,43.93158599637353,0.7850179273427721,102.27063594118954,0.4033707154901872,224.41564546878092,365.15095776837916,5.354501068523943,7.931760213456505,0.001042044470178108,2.9614671366553385,-0.20583447373183264,0.9089561101528237,5.009865731258548,2
Image_31,135.82236215635078,394.49463110319437,128.0,125.0,1.5626654905028257,4.544891908829081,0.038192445512301144,3.777551415254408,38.0,212.0,0.08329783343011721,121.0,124.0,135.0,173.0,52.0,0.004280248016426795,105.58637326875976,0.8648248300325858,390.82272886191913,0.3039883862924677,270.4884332860005,1457.704542178919,6.39922212869188,9.759485769722005,0.0005502488081960693,3.829734973686113,-0.20310879559160436,0.9316328907767623,5.342416461305955,2
Image_32,147.54113993116763,325.9020399372378,146.0,146.0,-0.5356531524899266,6.270614326660365,0.018430441275752746,4.261186049051841,0.0,229.0,0.08189611371602304,127.0,137.0,157.0,170.0,43.0,0.0007072888742248248,236.2113822819457,0.6330851195140406,322.10454865460724,0.16586109847796585,293.82405142473766,1052.2068123364988,6.973057528378135,11.554841935286058,0.0002276813628590749,4.740818472812732,-0.11389899147562675,0.8444648124585975,4.91305403144267,2
Image_33,146.58463416100903,428.8132130117338,146.0,144.0,-0.5849647952810797,6.345337292546187,0.01587851846270273,4.405019955519447,0.0,242.0,0.08243050878254071,123.0,135.0,158.0,172.0,49.0,0.0005095428286765334,303.8967518034204,0.6417667156893132,424.41899792835557,0.14701497677513464,291.9078025206247,1393.7792399099926,7.181243290752991,11.980199545940064,0.00018591505357066986,4.935623963019858,-0.10818050569697066,0.8397980736227538,5.433858583560878,2
Image_34,148.63132175964944,580.1591401564193,141.0,138.0,1.3935527846389029,4.581068861346806,0.019510473539637183,4.29247264895535,38.0,255.0,0.07989125001686942,127.0,133.0,154.0,189.0,62.0,0.0012337414472313288,406.32140081326577,0.6470539327083392,575.8867952544315,0.23201211716892214,295.98647666516655,1897.225780204495,7.117170801953627,11.381811691261259,0.00026369159893399716,4.725935864683789,-0.15550108213203706,0.9034411328004135,4.5298051020917205,2
Image_35,119.71892836253569,279.39489259407947,117.0,117.0,0.8248478076835456,5.33340208638303,0.021383782629313414,4.154767827889817,46.0,231.0,0.09035040635877328,101.0,110.0,126.0,139.0,38.0,0.0007630775731874192,207.22493462322856,0.6257188011874497,277.03910543939264,0.13356513687040014,238.46250492635397,900.9314871343759,6.8419314134610545,11.376136155504046,0.00021494952416192798,4.708609091985192,-0.09558291865355596,0.7867143342283947,5.716676173636472,2
Image_36,119.40396326526357,270.04847085085476,117.0,116.0,0.8309467235133388,5.489541163234989,0.021816178166398026,4.13593415803505,57.0,234.0,0.09058873366173012,101.0,110.0,126.0,138.0,37.0,0.0008192269691102063,189.16257263905788,0.6462535958124452,267.6144775189978,0.14019837001393948,237.83269599091724,881.2953374369263,6.822632806421965,11.288537496058641,0.00022605145466927256,4.631754088169864,-0.10158182826750554,0.7990637811083899,5.771849145618145,2
Image_37,120.262565863493,462.4293209504831,117.0,113.0,0.4593232122063236,4.607916641786615,0.01597323306788906,4.424180066537011,0.0,255.0,0.08994198442988219,97.0,107.0,130.0,149.0,52.0,0.0004339354995888883,298.0511042125753,0.6735536923404017,456.99085147261394,0.10756623059946022,239.5076919451701,1529.9123016778703,7.225420207023149,12.086639915021053,0.00015564320482046898,4.9903172079402855,-0.09927947416582261,0.8137153262584582,5.998854047572454,2
Image_38,107.83611961591221,198.6178724151863,110.0,110.0,-1.8104838551061935,10.768500422787735,0.039044916782804986,3.721017063635669,0.0,214.0,0.09725951303753981,93.0,105.0,114.0,118.0,25.0,0.008352633767982367,145.18273762650307,0.6239326176016377,193.25393164832212,0.42814296961152737,214.9908025282719,627.8329889667821,6.196785566894687,9.439409870066113,0.0006857422784842249,3.7671288708432655,-0.23331450715619226,0.9458219828158992,4.674204453280169,2
Image_39,105.78417428831321,628.047948746577,106.0,105.0,0.39050307095925785,10.962281966357596,0.042456787043463284,3.931716192650052,0.0,255.0,0.09732675242070153,84.0,102.0,110.0,121.0,37.0,0.011199468252951823,178.52737974405454,0.8535345789193542,610.7030120045711,0.4378616238629899,210.85874877472787,2264.28466827424,6.5068624859824675,9.645130797226075,0.000602814076104287,3.7784178786431233,-0.29009860752505295,0.9744456955883108,5.152839715410271,2
Image_40,127.69297199401176,269.8476781341212,127.0,131.0,0.702722855830693,4.519875697281789,0.024114592825855083,4.0214052783443535,64.0,204.0,0.08825409490910065,109.0,118.0,133.0,144.0,35.0,0.0021760523568875806,118.49158033785355,0.7757511651648864,264.58785714849046,0.3047351509370064,254.209087301424,939.859848256112,6.6289134445726665,10.29970329570444,0.0004889102462617415,3.981729117611337,-0.21779811452332118,0.9413186492889551,3.9966752278214734,2
Image_41,125.40276566448802,667.4380082843122,125.0,132.0,0.24952758937657402,3.9333888809079394,0.011799904665909113,4.657538699666467,31.0,255.0,0.08915544907049076,92.0,108.0,140.0,154.0,62.0,0.00031782469154201953,261.6274344573732,0.8021674075883721,661.5381890659687,0.12210481887427022,249.76162673807892,2384.525321806488,7.622831154110832,12.403937393804043,0.00016733916980541142,4.906401245357893,-0.14757814462408814,0.9224219794464601,5.742253149826556,3
Image_42,128.45539908070054,882.3081352632047,126.0,129.0,0.6057575609059029,4.381649710463332,0.010619974164315489,4.7791787429529915,0.0,255.0,0.08738419903448257,93.0,109.0,144.0,163.0,70.0,0.00019989798111978992,502.1732031266206,0.7111773674547108,870.1658518638774,0.08354929207179747,255.7202604128886,2978.490204328902,7.754034481168802,13.048995100314471,0.00010956842732255391,5.420606121575873,-0.10034931388383708,0.8569550881620902,6.911239741203965,3
Image_43,128.51963936507937,965.1064901409286,128.0,135.0,0.4420537055144806,4.150431692935316,0.010064124241018765,4.828874693816418,0.0,255.0,0.08803096985703851,90.0,108.0,145.0,163.0,73.0,0.0001927303993052228,482.856587786844,0.7465702610362123,953.2865252275178,0.08645830201402409,255.92003935410312,3330.28951312324,7.836099647379394,13.101593186665317,0.00011314020939852488,5.384936366963548,-0.11230595526239057,0.8821432918129908,7.040130654302132,3
Image_44,140.66712363386782,1635.4343803413958,127.0,109.0,0.9156300797182543,3.07083072187915,0.009233381286291307,4.917296363293428,51.0,255.0,0.08011415445528704,99.0,109.0,164.0,202.0,103.0,0.00018279757061590604,711.3674947171796,0.780844544512122,1623.6231993276433,0.07379285686999762,279.97695985581856,5783.125302593435,7.996934815695521,13.361401103608383,9.009877511946548e-05,5.6702603031424825,-0.10988565699602257,0.8796834377669592,6.946280812747096,3
Image_45,150.27572403776324,1421.2020383242814,158.0,185.0,-0.8109402419983344,3.025542821473414,0.008589294082839304,4.94544649744993,0.0,255.0,0.08364494778157136,94.0,125.0,180.0,191.0,97.0,0.00018652652324149303,431.7117321266698,0.8467878799931008,1409.2377022302326,0.09442091915755577,299.6441660962274,5205.239076794263,8.014786632173092,13.129858979595996,0.00012707784481637527,5.256725851791736,-0.15314845437409985,0.9369536730693053,6.118358530866434,3
Image_46,140.00940814305523,1427.9742585282274,143.0,177.0,-0.47869791475065854,2.5738121687035145,0.007705972249720013,5.003061326749906,0.0,241.0,0.08541040849828457,87.0,112.0,171.0,185.0,98.0,0.00014546041748002265,515.736679171237,0.8177278445530298,1414.8927500163973,0.0858373505051214,279.1634985854225,5143.83432089437,8.106551725769275,13.36037034164172,0.00011758874095968888,5.410013821439604,-0.14227991018345132,0.927631011935021,6.378494961553906,3
Image_47,156.10386816672025,650.3712940603258,160.0,164.0,-2.1584459961172446,9.512408680820075,0.016675748925249884,4.4123547507343295,0.0,234.0,0.08103009098508797,128.0,148.0,171.0,179.0,51.0,0.0004196718287894492,500.97065135674404,0.6028806199500943,632.062792963925,0.09898165308301995,311.3073189914785,2027.2805204989636,7.163223357139815,12.213652873069186,0.00013983154531097445,5.29064676712584,-0.07274021015678517,0.7603015394434736,5.295827471650263,3
Image_48,159.37566407906968,1008.2174385523356,163.0,172.0,-0.9505871737820528,4.336215474114851,0.009906083714132657,4.8267929808266015,0.0,255.0,0.08010724478280229,117.0,142.0,181.0,195.0,78.0,0.00015530305706562515,715.523889297162,0.642465714896321,1000.8917578188039,0.06643444856790094,317.5937959276638,3288.043141978036,7.8005344597211295,13.32063019905693,8.727580180934642e-05,5.677862103580067,-0.08058290650046408,0.8092897989302991,7.122126032009766,3
Image_49,154.4084527339391,763.3486346858258,158.0,163.0,-1.303676669483725,5.706659953131758,0.012557364796391943,4.640139762271525,0.0,255.0,0.08140619808965732,120.0,142.0,172.0,183.0,63.0,0.0002142030606456176,616.129035488564,0.5906755643427286,753.2556572157546,0.06586552403492096,307.7926253795151,2396.893593374447,7.476632885973946,12.937082197874407,9.007854631396325e-05,5.6030900479604675,-0.06022490145165435,0.7264866589623551,6.298864462002828,3
Image_50,157.994549970351,205.52932850694256,159.0,160.0,-1.1435026425680705,5.5487566134181145,0.023748044094593045,4.007930148748474,69.0,206.0,0.07980984290461142,140.0,151.0,166.0,174.0,34.0,0.0014860710766479031,94.1278085624066,0.7639249856437861,200.1439357614945,0.23785087403362112,314.9484082659341,706.4479344835672,6.6748762059587285,10.47001867731684,0.00043790280662523817,4.010294024816987,-0.18101789138170252,0.9194476063488237,4.123875427201682,3
Image_51,158.91698521949013,274.292717915756,160.0,160.0,-1.2255884188429285,5.6594168686916015,0.021806943888323715,4.12071956607583,58.0,207.0,0.07959571233498448,139.0,152.0,168.0,177.0,38.0,0.0013618659804163207,91.82040800925694,0.8275923842596653,267.4128950879758,0.23958504823650006,316.797829568513,977.8311723426486,6.847190267366702,10.637356667492341,0.0004395543359113339,3.9971820236162374,-0.2028449525454774,0.9417132355448466,4.601359922601716,3
Image_52,148.24490699020197,491.23440009812066,148.0,143.0,-0.7884917989781941,5.494471842355483,0.015777064363321755,4.443506089227556,30.0,240.0,0.08206369653832696,123.0,138.0,161.0,173.0,50.0,0.001226998803620725,132.60109301285394,0.8610892143869306,478.6037362790439,0.2240695321910312,295.39762426806806,1781.8138521033652,7.316212114758062,11.32278094821184,0.00032132770100786004,4.238496497150998,-0.2256868753492991,0.9650966280884233,5.047985462170676,3
Image_53,147.8423804742509,364.63314324891826,147.0,149.0,0.007867586927227565,4.0339543713917685,0.015345263924103021,4.362783936908954,10.0,255.0,0.08200866094072255,123.0,134.0,159.0,171.0,48.0,0.000652657162688188,118.65640341151425,0.8342290706242158,358.4349283509255,0.18926684256417586,294.5008476589346,1315.0833099921656,7.20921081660435,11.313363301357697,0.0002788229420139924,4.252764015547495,-0.1953509934824589,0.9492391031382801,4.618453596088066,3
Image_54,117.50404934377683,1314.5127971234117,116.0,132.0,0.28027444344461233,2.826454425061753,0.00778676303827949,4.998620024184332,0.0,255.0,0.0916592208899856,71.0,89.0,142.0,164.0,93.0,8.577019415654379e-05,1027.5189004947456,0.6066336360812891,1306.2078020542635,0.04534219488480662,234.05885303102107,4197.312307722248,8.022232426517105,13.92591629857215,5.9775228702135845e-05,6.022408099244803,-0.062389422120539134,0.7603388714794223,7.906489745126753,3
Image_55,119.65326887210821,1114.4922629789555,118.0,127.0,0.3390672713008127,2.916730193677482,0.008520426672291347,4.9107108261651256,0.0,255.0,0.09078548871749532,77.0,93.0,142.0,162.0,85.0,0.00010507419581936303,837.2676284324862,0.621836128115028,1107.1400005820906,0.05153769271438878,238.36874910568852,3591.292373895896,7.9034295382369395,13.65651646777691,6.876257370437305e-05,5.870069661431862,-0.06584343412387322,0.7683716597565129,7.636297081896823,3
Image_56,118.77491611121896,898.7365610993472,118.0,117.0,0.200179254502932,3.0610637325089436,0.009447584012450695,4.82123294211084,0.0,255.0,0.09145685677461123,80.0,97.0,139.0,156.0,76.0,0.0001262738859310541,692.4448206948384,0.6124768938124497,893.5070535850728,0.055618932220077216,236.69228103173782,2881.5833936454437,7.7736771099635,13.402381588576946,7.673120869539582e-05,5.734889761468307,-0.06683116764465548,0.7671561780911178,7.265950000407886,3
Image_57,127.50266804265567,800.2068907422808,126.0,123.0,0.4788824554615795,4.085235408358894,0.0105173729042586,4.747017820912613,32.0,255.0,0.0880371550857786,92.0,108.0,144.0,162.0,70.0,0.00016814967251201405,586.2388684197477,0.6281061320351192,789.5086930039215,0.06999824751263882,253.91427482985318,2571.7959035959666,7.680485604066025,13.089301112057385,9.511430195497383e-05,5.542715434541068,-0.08164930809651799,0.7955718404015544,6.55125024277317,3
Image_58,127.90309812247617,665.9957253992923,127.0,127.0,0.2575056138072789,3.6850099847678477,0.011321808687426127,4.669045223249134,32.0,255.0,0.08810910630791272,95.0,110.0,144.0,160.0,65.0,0.0002038303484335124,450.9655288220438,0.6587130072356894,661.058486272053,0.08013159877188486,254.80465714516012,2193.2684162661735,7.581951525657109,12.821858836428355,0.0001107413167418567,5.354394184795623,-0.09010614187181436,0.8163948118478983,6.259178837905926,3
Image_59,128.60353533769063,452.18289895767214,129.0,127.0,-0.3763761360409354,3.2555539805038523,0.013321264731631232,4.46736111783589,7.0,255.0,0.08831651992907416,101.0,113.0,144.0,155.0,54.0,0.00047953617475573454,116.79805734846073,0.8695736229021533,447.9741425259599,0.16300170148630974,256.3816824352367,1675.0985127553686,7.3712597978056,11.618280514396318,0.0002432203805151031,4.364667378532081,-0.19093152129989843,0.9523830326417307,5.040810340893779,3
Image_60,130.42689447094153,544.4480492911451,131.0,132.0,-0.4347382175641107,3.3183952226131113,0.01224499933011598,4.5540591240555495,13.0,255.0,0.08775431776311751,99.0,114.0,147.0,159.0,60.0,0.00043578153640056854,124.2773278066959,0.8843234208163415,537.6823757680631,0.15758174205481768,260.03477889291673,2026.4521752655492,7.500859874785156,11.743605595934039,0.00023852181996597647,4.387814932654684,-0.20568012430356053,0.9624133244448478,4.977615225784119,3
Image_61,176.22470997287806,30.166925432677832,176.0,177.0,-3.0105526481270672,26.254369949829915,0.09976571628017472,2.7417230614409065,69.0,222.0,0.07528171936536815,171.0,174.0,178.0,180.0,9.0,0.037654804249588135,32.16698318024527,0.4392247276248722,28.836115030663677,0.5781478889257686,351.131678784572,83.17747694243371,4.669137984246562,6.875729312430835,0.0011718475249367715,2.7671161532783275,-0.25297694715122615,0.9100694451958196,2.47567370081875,4
Image_62,171.1185913110342,177.15419345626523,173.0,175.0,-3.747366895836414,27.50465674162011,0.05985741725515621,3.2507574729847186,16.0,255.0,0.07686450862640877,163.0,169.0,177.0,178.0,15.0,0.021210445654129877,28.26350566920859,0.9182824827698914,173.17003113926512,0.5916892352538591,341.01536348574166,664.4166188878407,5.512240002295607,7.554273589889694,0.0010719073898154256,2.608497421072318,-0.3818662248914095,0.9813085965668931,3.464354755213196,4
Image_63,143.04299900299105,457.55312489292544,146.0,147.0,-2.990448484111932,14.0024589189603,0.024052636365637186,4.038298582855317,1.0,192.0,0.08447142508066342,128.0,138.0,154.0,160.0,32.0,0.0017045414658104603,92.30241615181002,0.8980051291902637,453.0348175047757,0.27456035183617006,284.9468020056138,1719.8368538672948,6.749969852473844,10.18119779498304,0.0005386388434995242,3.7982006456894846,-0.2448466658057828,0.964812420935762,4.250356576165925,4
Image_64,142.03168386432677,733.1892268166986,148.0,151.0,-2.4048932728982884,8.627084071565028,0.022439195034412614,4.159758094000167,4.0,187.0,0.08565360016584285,121.0,139.0,155.0,162.0,41.0,0.0019851210991339214,73.14289175875163,0.9489332672087782,718.3974278787546,0.3099674028805618,283.2178929598071,2800.4468197563,6.894628386177162,10.339347876881657,0.0005754619294542845,3.770822349021655,-0.27012453619581356,0.9746037259550998,4.484596974644834,4
Image_65,140.80528493770754,459.42878106722395,144.0,146.0,-3.1069841538540355,14.540285030473756,0.02765194960075269,3.967535064561541,0.0,210.0,0.08522407383578548,127.0,138.0,150.0,157.0,30.0,0.0028933040685207197,64.16693362700312,0.9285609367084909,449.85278579239457,0.3550167988432374,280.60571909850887,1735.244209542565,6.625220578437908,9.798308044514213,0.0006211835531160163,3.553095792258041,-0.27997177968726084,0.9736952973426736,4.337603795197992,4
Image_66,172.1793435404754,38.02502156843115,172.0,174.0,-3.7331910353166378,30.210740071967113,0.11516745470732682,2.685206858475861,35.0,225.0,0.07616986323055062,168.0,170.0,174.0,176.0,8.0,0.05735786417941347,53.258726151731,0.2887714712306632,37.43589904722376,0.619633016503258,343.00537430725035,96.48487003714763,4.49877155863213,6.598709362382065,0.001375979604148075,2.742164744887922,-0.29239909516354884,0.9322128375965718,2.650247713611225,4
Image_67,160.97698447709647,40.21846415461962,161.0,161.0,-2.743451161883492,15.392644095187814,0.10212233677515757,2.804126014631103,90.0,200.0,0.07882230855339963,156.0,159.0,163.0,165.0,9.0,0.037149993943270745,64.37662445894944,0.18437848000055682,39.50131614554084,0.5376339488887011,320.71375746901145,93.62864012321734,4.656703937752807,7.153088011455839,0.0011733485320247104,3.1034706173444544,-0.22419153061112196,0.8644707232811359,2.475207136239788,4
Image_68,172.00561112254655,35.375251234200945,172.0,172.0,-3.3088477200225332,23.426356075668767,0.15432285000834672,2.5102504273365445,84.0,221.0,0.07624679778184805,168.0,170.0,174.0,175.0,7.0,0.08795717725218224,52.0468053392276,0.2522685272604912,34.79244675290374,0.6330774391880788,342.66782725122926,87.12298167239351,4.197400225210141,6.2047037710091475,0.0014715789659307255,2.6943691490307144,-0.2828166015190708,0.9185146697409345,2.4337336849169096,4
Image_69,190.6827315490673,297.1889050602428,194.0,196.0,-4.018109801081133,27.13117091196844,0.04396774102130343,3.6251461667405427,22.0,255.0,0.0730448329748203,175.0,188.0,198.0,200.0,25.0,0.007296624656506923,200.50085344710888,0.6283597379864775,274.50115022154205,0.3684313415240736,380.26912824434504,897.5037474390483,6.018971402740559,9.500360693911121,0.0004530787768814781,4.033691099362724,-0.17330694335920976,0.8954749395591652,3.5959467205505464,4
Image_70,197.0940385882353,193.620922157076,200.0,203.0,-4.140689887976867,30.457453913417424,0.03979365270883504,3.602296111346368,7.0,255.0,0.07175323883476964,182.0,193.0,203.0,207.0,25.0,0.005400455276917221,110.39439063935207,0.6879348678658348,179.4694051674851,0.3705908058810734,392.9473680894976,607.4832300305643,6.008010586120909,9.381409200494867,0.00048252926967696933,3.7902668582796224,-0.18433021393255586,0.9027244664481814,3.4336095370557915,4
Image_71,181.12338277919866,140.93479651364274,183.0,185.0,-1.106533852116863,13.258453391357293,0.04117450242431388,3.5737461352320308,58.0,255.0,0.07468803337755622,167.0,177.0,187.0,190.0,23.0,0.0067842110067759375,117.11931800942764,0.5557991194859222,133.24883895686617,0.3972521059195241,360.8384127727634,415.87603781803773,5.981253966740112,9.24566931492392,0.0005271984479627665,3.7646775187544073,-0.1966564582321048,0.9067264610770535,3.7792173685535015,4
Image_72,165.0747272299807,441.6428373646982,168.0,169.0,-3.0669746896399332,19.039878599763114,0.04749892940950374,3.5568880811313917,0.0,255.0,0.07851887211515966,156.0,164.0,172.0,175.0,19.0,0.0077396058025548595,150.9752478088594,0.8115217356582215,405.1174886854533,0.3750296329079026,329.0801211936948,1469.4947069329828,5.821004261686569,9.135164556019493,0.0005043449794880493,3.876017886040671,-0.20316690182045688,0.9034881210927368,4.44303694382414,4
Image_73,173.43628699419844,762.9448584894858,183.0,190.0,-1.3530532231322623,4.7805495125488,0.023895009497090773,4.253013303662943,26.0,255.0,0.07799837907577666,124.0,165.0,189.0,193.0,69.0,0.0021892747726269643,212.85796002052362,0.8589183297109177,755.208180251163,0.2562212389342063,345.42266931678955,2807.974760984125,6.989768570786095,10.950420722247664,0.00031356891763502007,4.377320727445262,-0.20744658429186297,0.9428773262716892,5.132609251094617,4
Image_74,182.20913777777778,230.63774958489128,186.0,188.0,-2.8893780003858835,13.129126887782979,0.043825510234988437,3.614289945240552,52.0,238.0,0.07484905457167015,165.0,180.0,190.0,192.0,27.0,0.0077902564330991275,165.8666530221309,0.6295995555473101,224.97953501595475,0.3620524802446917,363.18153226159166,734.0514870416955,5.985818672535558,9.46092062481285,0.00048260122290232175,4.038224271267135,-0.1769079189691648,0.8796203666986655,4.520352388701143,4
Image_75,155.4119943892321,773.4023959742157,156.0,156.0,-0.4544315212156194,3.7563093117353814,0.011159083556449042,4.725461167340104,11.0,254.0,0.08036700156820188,120.0,139.0,172.0,191.0,71.0,0.00023911370981251847,363.1125967884103,0.7597488242955286,757.0516674003957,0.09279894812815206,309.99699425845813,2665.09407281319,7.683171861676232,12.772193439942589,0.00012748202248218159,5.210226851200631,-0.11806637959273802,0.8818518285502356,6.44742695888109,4
Image_76,153.27268723198625,510.78627779574214,153.0,155.0,0.15148406101486703,3.4833518312144225,0.013810962392991342,4.5223810508497895,50.0,255.0,0.08070137674386416,123.0,139.0,165.0,181.0,58.0,0.00032333901682832114,341.02350764736065,0.6638867202396181,507.404065828041,0.09635416641037206,305.3722421326304,1688.5927556648057,7.368023725293506,12.417416776151818,0.00013150555314248895,5.167180066275791,-0.09050638431721243,0.8211336163852605,6.106677438822847,4
Image_77,154.8397912102772,658.8517971039242,155.0,156.0,-0.32722572047313225,3.768698115417566,0.012244052337068236,4.645102437338599,37.0,255.0,0.08040503994920392,122.0,140.0,169.0,188.0,66.0,0.00030738092595725114,293.13492053533923,0.7729680146871074,646.5654067009145,0.109008983121029,308.77224314218165,2293.1267062682928,7.578594923059013,12.50960916965187,0.0001466369157671435,5.044273703029229,-0.125273492975233,0.8903617203462256,6.225876600750446,4
Image_78,140.47109148496,525.0374142328648,146.0,149.0,-1.8122799879509282,6.849167491029107,0.021483671949003476,4.25004683386598,7.0,214.0,0.08601802581485803,105.0,135.0,153.0,160.0,55.0,0.001304530223214795,227.42496770826426,0.781724838229849,521.2296323985847,0.20278674280494463,279.92010218044237,1857.4935618860582,6.944119001385386,11.253156872410848,0.000311362847723279,4.521965488845165,-0.1580307346799059,0.8987654058660383,4.91219008309269,4
Image_79,146.5474630464809,330.1111122721972,148.0,149.0,-1.1044381800045546,7.127941874936038,0.01753925337852294,4.256421581009861,0.0,216.0,0.08301423175601383,122.0,136.0,158.0,167.0,45.0,0.0007781569750266793,628.9806306867366,0.04143650883154182,328.1358505686885,0.1439499428879167,291.9185035805157,683.5627715880037,6.417487065115042,11.504531397643714,0.00020907842349738673,5.2902864065523465,-0.1206047987752387,0.7831377480476904,4.007632719912506,4
Image_80,145.84778723686145,646.8937418424866,147.0,152.0,-0.7712154912989956,5.4863388721662565,0.012277497062864495,4.595525202435192,0.0,223.0,0.08313019952295746,115.0,128.0,161.0,178.0,63.0,0.000291059694061609,787.7000208405368,0.38201858313803766,637.292320871974,0.09638432302259735,290.68544683559355,1761.4692626473807,7.288136281208147,12.625096100592154,0.00013629682253187296,5.558083821079659,-0.08913222231119639,0.7009943955337957,3.4090568570912034,4
Image_81,162.64507914106326,107.57145239705173,165.0,165.0,-3.2736073098040475,14.791199208929594,0.10176856693697717,2.924360416397999,83.0,199.0,0.07897707478456428,155.0,162.0,166.0,168.0,13.0,0.039051454964564136,107.42713451351754,0.4844857178144735,104.57453491549768,0.5487736021246157,324.1613024646889,310.87100514849953,4.972587220917872,7.380013042247325,0.001172692397303486,3.145095289737746,-0.2409800262002273,0.9096737717958772,2.804051111162395,5
Image_82,162.41929404000504,112.83761494227798,164.0,165.0,-3.832964174033947,20.670133233241774,0.09674648615629486,2.9153475539834974,41.0,197.0,0.07884684236905638,156.0,162.0,166.0,168.0,12.0,0.02949106468621364,80.33139930639487,0.6420257051942221,112.1808014975577,0.5290597799940935,323.5608644724682,368.3918066838196,5.00925350587918,7.4192870818072505,0.0011148282642728154,3.072532697299095,-0.23200403215098314,0.9074921168300544,3.671329859946069,5
Image_83,196.82923642701525,129.9953293934167,198.0,198.0,-6.569144133397243,58.31965847788908,0.11741791413230811,2.7033621155300986,0.0,242.0,0.07148961980903655,193.0,196.0,200.0,201.0,8.0,0.054536585928017425,137.50618585427506,0.4018092972983272,116.95120738657897,0.6183312684113423,392.4205612175348,330.2986436919964,4.590399312906114,6.609642348811651,0.0012227164489484795,2.76465543473944,-0.2920589946439748,0.9391012737729763,3.669096266269329,5
Image_84,195.21093174797886,221.19258811437322,197.0,198.0,-5.2986107286851265,36.12867435896985,0.09733395231872367,2.9473828969807436,9.0,248.0,0.0719000146248906,191.0,195.0,199.0,201.0,10.0,0.03952989949943364,175.24533291719573,0.5801692298248554,210.63586510924324,0.566446189151615,389.08838027821935,667.2981275197963,4.993047331087119,7.3264846728838,0.0009974936716469769,3.078289497925702,-0.26873411232571137,0.9376291469537451,3.6960868974809182,5
Image_85,166.6267951516544,355.57405432840955,167.0,168.0,-0.32712174509750386,4.954049070712485,0.017089651588841796,4.327510102864217,17.0,251.0,0.07755564146545837,144.0,155.0,177.0,187.0,43.0,0.0003417954628687476,386.1403956378135,0.4543263697041769,353.81090218992085,0.07324860752030456,331.9548362876084,1029.1032131218199,6.987098025461329,12.22729143489228,0.00010907434370572552,5.316671787814313,-0.035660312537412024,0.5723185847382681,6.55320758446523,5
Image_86,175.80337009803924,204.31678335879957,178.0,179.0,-3.454434632633549,18.423959007770375,0.04584711554416188,3.504822883859168,18.0,249.0,0.07588969458711836,167.0,173.0,181.0,185.0,18.0,0.0031288191932175727,120.5511192131451,0.7033791660784617,203.18276205114216,0.21991733348464274,350.22991128427026,692.1799289914379,5.889025917376365,9.531665366535165,0.00037497177621550006,3.9146483074418654,-0.10981826662163341,0.8004845205498515,6.02314615366339,5
Image_87,196.34673808976714,151.84642330178994,198.0,198.0,-7.824785749866287,75.52796644643426,0.11839928564682503,2.551990963562167,4.0,213.0,0.07166529689450252,193.0,196.0,199.0,200.0,7.0,0.024400209855614766,63.86060123667025,0.7840360442056808,148.1735007082043,0.5050085454688242,391.24294402172455,528.8334015961882,4.605109559245127,6.615104063101866,0.0011733781585817188,2.5778873025918947,-0.19570824648130314,0.8677427789277266,4.517795083027297,5
Image_88,204.8995777803309,303.4536363181587,212.0,214.0,-1.8609553624600264,5.693146503168454,0.047307256865803886,3.5825642862614755,70.0,240.0,0.07106027223819261,175.0,202.0,215.0,217.0,42.0,0.006260897809526673,54.55748375394024,0.909519252887428,301.5010869501366,0.33883041932320224,408.2323050378769,1151.4468640466366,6.100664601001328,9.01522144694324,0.0006078013407777969,3.3778902861909694,-0.2501962049016416,0.9595275211169456,4.554011466098382,5
Image_89,212.13229741115197,734.4078086827321,221.0,222.0,-3.2011865498849694,13.561642547180856,0.05523870894194842,3.5438845543615316,20.0,247.0,0.07007923323672534,182.0,216.0,223.0,225.0,43.0,0.0052808920156258215,209.3605438669626,0.8566999249927614,730.5235411280519,0.2560582340885603,422.64576470454085,2712.733620645253,5.953182178045874,9.38450699840287,0.0004289229867096324,3.9230559470464224,-0.15821321317212028,0.892266345189495,6.772467644027706,5
Image_90,205.869277621376,779.6746617685543,217.0,221.0,-2.3623606829087365,10.06557632580872,0.03390871337543756,4.070875328123477,9.0,255.0,0.07155472653743203,171.0,193.0,221.0,224.0,53.0,0.009249793444276136,443.0159258784273,0.714853727146862,776.7220784163874,0.39841974991046036,410.17087883408686,2663.872387787109,6.694083932085912,10.209090991034866,0.0004917341936293758,4.2110234712866905,-0.2558743246888304,0.9691719899057879,4.701329602246339,5
Image_91,205.0498292629925,826.9955888896847,216.0,219.0,-2.3401483034671653,9.408999920583417,0.033522167940913776,4.086402664031069,1.0,255.0,0.07167496071332541,167.0,197.0,221.0,223.0,56.0,0.008302083725720775,544.9232553912827,0.6674669920939498,819.8655215957588,0.3858438333950158,408.65168372739754,2734.538830991776,6.713189961304762,10.351970196960744,0.0004617168360674183,4.363215736012589,-0.23719964928429502,0.9620008010762537,4.786017567693204,5
Image_92,168.04716663483174,652.6721519997325,165.0,165.0,0.8444890808316444,4.532801133311351,0.013425710227797304,4.564225006515132,51.0,255.0,0.07643825740054253,139.0,152.0,179.0,197.0,58.0,0.00021692195589809057,802.5179678717211,0.3824146306459664,649.6931310978471,0.05868128885903186,334.8175009564403,1796.2545565197215,7.30380940068544,12.890042927018815,7.806270269653717e-05,5.7841836647379905,-0.03640574879420085,0.5890263280433456,4.631473129247344,5
Image_93,167.93475616419408,333.1826837954375,166.0,165.0,0.5342730695566227,5.170502535057292,0.018043148216095366,4.276155855991861,49.0,255.0,0.0767208588681191,146.0,156.0,177.0,188.0,42.0,0.00040797305841396513,454.8926736749354,0.3135106931555994,331.32459652161106,0.08606698152003434,334.54465315636065,870.4057124114915,6.866808163445487,12.049007445469503,0.00012078027813061033,5.300218585483429,-0.0408753078876874,0.5894264404994041,4.154359319305195,5
Image_94,155.47871875015431,480.59510397333923,152.0,152.0,0.9927976226411966,5.4840838039751265,0.018398466300978966,4.351069440659225,45.0,255.0,0.07929591975702922,134.0,143.0,162.0,182.0,48.0,0.0004698009488062784,592.6929158851849,0.38139006341119225,478.9911679154402,0.09200701387905605,309.74316565129374,1323.2717557766046,7.005095455237996,12.194026648872647,0.00011949398148207475,5.413575181679963,-0.05188278200507593,0.6509712871030833,4.362095534857867,5
Image_95,155.1891080531613,631.2664653212637,152.0,152.0,0.7509975420881742,4.632791793006075,0.014553856050810195,4.544492555614185,26.0,255.0,0.07944390015898932,129.0,140.0,164.0,187.0,58.0,0.0003148432053238017,651.5244516263019,0.4804690941478953,627.2357811397396,0.0834529462662715,309.2623168441805,1857.4186729326138,7.33061954113988,12.665664086095937,0.00010861270426279214,5.510228745435086,-0.0616863737164564,0.7091639838735859,5.709118071167357,5
Image_96,164.0951931808643,167.90553472972857,161.0,161.0,0.8079164589361268,3.8564402491912344,0.026469915703992566,3.884914727089178,111.0,227.0,0.07732449253686718,150.0,155.0,169.0,183.0,33.0,0.00135036817594123,110.02781329719195,0.6678253113025088,165.78648041927136,0.2003353427543598,326.8213283113484,553.1181083799238,6.482458079001045,10.48679701921194,0.0003275959177744355,4.216898989993383,-0.1222652786475829,0.8376229661349708,4.554053046500039,5
Image_97,161.30928327668846,596.3620731101634,162.0,160.0,-2.4595627217968485,11.559167998580087,0.021389240474707475,4.157125784021614,1.0,249.0,0.0789038411355785,147.0,155.0,171.0,184.0,37.0,0.0010874601870679466,110.54750936275254,0.9049021385048874,583.423306916231,0.2075280764251791,321.53247602510424,2223.1457183021594,6.886509180303439,10.828768877414136,0.0003169196832169907,4.123484122249418,-0.18746766973358472,0.935983199871616,4.945520282848255,5
Image_98,205.3355186056553,287.3892789429047,212.0,214.0,-1.6647625368830647,4.706440627462477,0.04873769652142466,3.620263463964948,107.0,243.0,0.07090940660161082,176.0,202.0,215.0,217.0,41.0,0.016632295050991976,127.67561760143298,0.7759523029176253,285.0381172594607,0.47304751989003413,409.15811934602067,1012.4768514363896,6.029912307842865,8.949807453083537,0.0007243717293569922,3.616807625973431,-0.2801741748696833,0.9626361772129782,4.073171252894914,5
Image_99,186.50810802046917,937.1011196441806,200.0,209.0,-1.721772129142893,6.296974654217901,0.023348276686533838,4.3134955620645155,24.0,237.0,0.0758258489340252,147.0,168.0,208.0,211.0,64.0,0.005976954671158554,173.57679246490812,0.9050516271435183,917.2835236169849,0.39199136479161734,371.96817363040736,3495.5573020030206,7.092437500452734,10.521357984630408,0.0005330049828531573,3.995116728314545,-0.30132423572906575,0.9827068444791485,5.533796961512991,5
Image_100,161.55980854096026,557.9817793940866,169.0,170.0,-1.8417459061691093,5.950633021715339,0.03314951707942365,3.9573721744808505,14.0,243.0,0.08046555710484213,123.0,161.0,174.0,177.0,54.0,0.00490545179099578,115.56052600600944,0.8952671269235456,552.0557559403605,0.38713075973354744,321.75944157599247,2092.6624977554457,6.604071147630781,9.82435707341437,0.000561366826884133,3.6913965065393812,-0.2704305282323608,0.9679485795985094,4.149834926013908,5
Image_101,133.09237210417234,1033.6612188749086,140.0,144.0,-1.5700577076125222,6.221666139675668,0.014066982194601034,4.644431214194523,0.0,255.0,0.08890186100927044,90.0,125.0,151.0,161.0,71.0,0.00038106296116828097,990.861497885281,0.5034614065892176,997.3126395180598,0.10794314046428567,265.69343268490155,2998.389060186997,7.467738497233415,12.73480148356086,0.00012212696392542398,5.5722315643397895,-0.09036998339543564,0.8222122292857542,5.412662713516692,6
Image_102,118.21978453910299,1981.9234299119873,131.0,141.0,-0.8828947197950663,3.2227156310579557,0.008756227290655142,5.033682804188701,0.0,255.0,0.09681563189174834,43.0,97.0,147.0,160.0,117.0,0.00019723816574204983,1014.4233314739458,0.7320467967832912,1894.2843374865656,0.09364163550145502,237.27497678632002,6562.714018472316,8.100100736049765,13.535546833808342,9.726784523314118e-05,5.760580698699845,-0.12576924636740935,0.9074362062232961,6.570352698856136,6
Image_103,115.5761726765503,1852.1896538030176,126.0,136.0,-0.9967345971868437,3.714170606026535,0.009344969515761272,4.972627835421489,0.0,255.0,0.09712185392862817,47.0,98.0,142.0,156.0,109.0,0.0002598015855073871,964.4588732393191,0.7109558053862888,1669.9838582373882,0.10737742118775734,233.9364769211502,5715.476559710241,7.997522380960922,13.390911984642734,0.00010935503820229931,5.656733196638909,-0.12273531776416231,0.900763556260802,6.5564796693490806,6
Image_104,175.51399949096188,438.1712731180418,178.0,179.0,-0.8655901125894498,4.230692062407809,0.014851231526938251,4.4248727234698295,46.0,247.0,0.07601481421892711,147.0,163.0,189.0,199.0,52.0,0.0003033347145164671,439.9939025613355,0.49426319172030414,435.12116996489567,0.08270847366069455,349.70653199652946,1300.4907772982333,7.161100781395327,12.385042360091575,0.00011567334287554563,5.352966725081249,-0.053681932396999296,0.6781520725719793,5.471267115577508,6
Image_105,141.21307556472883,321.1643598547366,142.0,144.0,-0.6601544921396381,3.8224653077715343,0.016692536624047374,4.290338816015158,17.0,209.0,0.08438577830103837,117.0,130.0,153.0,162.0,45.0,0.00040456971528652746,296.0381613461848,0.5367140452436256,319.51791145076913,0.10174339217421355,281.35732652600393,982.033484456846,6.990429442336127,11.949971544947331,0.00016953823925201005,5.0618517918073,-0.06347358022767464,0.7071686356779375,5.36378720762038,6
Image_106,137.85971877163254,314.4676496627379,139.0,143.0,-0.80519189152506,4.2320725753459065,0.01732835537380921,4.266025239888217,15.0,213.0,0.08552045679189063,115.0,127.0,149.0,158.0,43.0,0.000509214061083984,207.59906503740692,0.6678554783990884,312.5813053029415,0.1259492224849851,274.6824399289554,1042.7261561743726,6.9968897601142865,11.671279053199907,0.0002139904680842764,4.771416017144869,-0.09770831011921483,0.8064558947430611,5.4377129236883714,6
Image_107,154.72442388405466,701.018254747425,151.0,146.0,0.13856690783279135,2.6451634745984003,0.01135104700077811,4.657670326784787,32.0,251.0,0.07941994818253698,123.0,136.0,172.0,193.0,70.0,0.00021040462534250724,431.91512466619895,0.6901400448870545,697.0085074281933,0.07697602412745502,308.10547181735706,2356.11890504662,7.522592417901162,12.798687371996325,0.00010731545616364504,5.380783285435916,-0.08923672256818764,0.8295171572372964,6.453388960729301,6
Image_108,156.94200055862802,661.4612070978139,152.0,144.0,0.3299411802453709,2.5895387266728433,0.01197770895997479,4.610168091806813,43.0,247.0,0.07855658754223879,127.0,138.0,173.0,196.0,69.0,0.0002439725407569089,355.619209344957,0.7297445907696145,657.970514802555,0.0856325307738008,312.6363848948322,2276.2628498652375,7.48414956378117,12.628079589067294,0.0001225369854260938,5.2371622248485465,-0.09540678633722466,0.8403061203642674,6.4397481349258445,6
Image_109,158.9769067355485,699.0340561455959,153.0,144.0,0.41091719721907827,2.4414406358916407,0.011859668493953819,4.6162849494434495,41.0,255.0,0.0778057463240798,129.0,139.0,177.0,199.0,70.0,0.0002459080063025708,371.61499398603127,0.7328212463801441,695.4752756657217,0.08513132782454605,316.7162954995998,2410.2861086768826,7.508332587767072,12.647103211801191,0.00011819967690278895,5.259802199082259,-0.09496049339068814,0.8372957749518777,6.60571756894595,6
Image_110,151.64064980833606,436.81492981997593,156.0,162.0,-1.558650277435516,6.636349196340002,0.01760100608850132,4.314084357536744,2.0,245.0,0.08236575095519137,124.0,142.0,165.0,172.0,48.0,0.0005480145659010431,295.16626882042897,0.660512508940877,434.74476333109214,0.12544012906314927,302.13143670357954,1443.8127845039344,7.059558204446436,11.839655218157345,0.00016926339472008725,4.968643194371661,-0.09181443359395286,0.8042898203743478,5.715675714844054,6
Image_111,154.18719422495366,580.6198646426144,158.0,165.0,-1.173573049296519,5.405565545428403,0.01370877111787091,4.521415315211952,8.0,255.0,0.08152301592334338,123.0,141.0,170.0,179.0,56.0,0.000336417431607411,349.94194815750734,0.6967010475358464,576.9602169660711,0.10561021632352544,307.25362415650625,1957.898919706804,7.378203429930935,12.358270129898694,0.00014103547691807474,5.126445820546405,-0.09919920762295743,0.8338792986036306,6.365744536827182,6
Image_112,150.35038892614418,1039.3600487408662,156.0,158.0,-1.1562454227948942,4.736855399241797,0.010681503223730559,4.800367352173793,0.0,253.0,0.08307258854469736,106.0,136.0,171.0,184.0,78.0,0.00015639192558357753,785.2704886671743,0.6187009896381482,1029.7340053664184,0.055397969309902984,299.6324250207005,3333.6655327985172,7.706084370734476,13.386108128948187,7.446675002752178e-05,5.807627763085483,-0.06050235123228196,0.7408101659041457,6.867012441185878,6
Image_113,169.45554326365323,853.3364588580438,174.0,185.0,-1.2498915500039074,5.244015873642576,0.011718364099014354,4.698731410708798,0.0,255.0,0.07784287078617072,130.0,155.0,189.0,199.0,69.0,0.00018622130069043897,812.7244873966197,0.5223838832454888,850.6969286920275,0.06371244444193756,337.4992083909093,2590.0632273715055,7.542338522489068,13.175418289553171,7.832691428062925e-05,5.798217331851022,-0.050935055475541516,0.6903252770918473,6.119048049645966,6
Image_114,169.22043869153202,841.9739466962187,174.0,184.0,-1.4788940734269478,6.159435785205363,0.012461952423415981,4.656848345929089,0.0,255.0,0.07795102093026902,132.0,157.0,188.0,198.0,66.0,0.000227314650985962,675.5373196454649,0.5974003483744126,838.8849782236048,0.07507281590113003,337.0827966168654,2680.002593248966,7.501835416288566,12.97656258227281,9.178249895795516e-05,5.6397863012011875,-0.06281447376045893,0.7402789244914951,6.358746526635433,6
Image_115,163.68367259304415,977.1485766545217,166.0,166.0,-0.9982101230694134,5.665263423676709,0.011818543007530524,4.700298982220798,4.0,255.0,0.07871340203098941,127.0,150.0,181.0,194.0,67.0,0.0003890143181588151,436.2217316451221,0.7746744050413047,968.5341971129073,0.13925817643916835,326.2026355962114,3437.915056806498,7.632230828563746,12.491615183304337,0.0001515172220681031,5.162954555293903,-0.15201720079283093,0.9260013030902399,5.174398878979201,6
Image_116,164.32188436485845,997.8630819306557,162.0,157.0,-0.12099177989796818,3.9393987708205667,0.010597557639141292,4.794122766860289,0.0,255.0,0.07745725476892001,127.0,147.0,182.0,204.0,77.0,0.0003520493406139784,483.331589640434,0.7547160137499799,985.763850772978,0.14248928649360784,327.1818689380613,3459.7238134514846,7.774692192079161,12.682247765613429,0.00014981012753474473,5.213750894439852,-0.16007947358593314,0.9384841558171474,5.028325377319842,6
Image_117,160.1850636090636,653.6378655130484,162.0,161.0,-0.9934295752553142,4.850530939487925,0.013404740035009004,4.578261351718836,0.0,251.0,0.07945760843483339,127.0,149.0,175.0,191.0,64.0,0.00046547389830872633,319.1104909517531,0.7542899039725192,649.4463097725265,0.15077165828438438,318.9668640065588,2278.6747481383136,7.509514565542991,12.124129608891568,0.0001943939066057877,4.882804212113057,-0.1583489539548027,0.9294343641122041,5.241770472762619,6
Image_118,162.72911199700906,952.5684476931808,166.0,175.0,-0.8035905214029085,5.427013916934704,0.011426938285057016,4.760291527194497,0.0,255.0,0.07917513079627654,125.0,146.0,180.0,192.0,67.0,0.00031555684677901294,502.53700307609483,0.7326746645667137,940.0536096594842,0.1178665386173216,324.21002713407034,3257.6774355618036,7.7257466920665046,12.702017873494816,0.00014419676078597214,5.234089164005969,-0.14328334683284225,0.9162919697517814,5.757776190034286,6
Image_119,165.4226916190071,1000.4436665942214,167.0,169.0,-0.5500547224825729,5.2267670940356945,0.011432360385385292,4.770653521707359,0.0,255.0,0.07812016511666557,128.0,149.0,181.0,198.0,70.0,0.0003077507557043955,585.9472943403747,0.7025820200434972,985.3683017946032,0.12018397293516161,329.57787080906905,3355.5259128379985,7.72555233303012,12.749676212968065,0.00013750711260010072,5.316515803844874,-0.14043277188266542,0.9164819332978823,5.590612678001854,6
Image_120,156.75259735792247,491.00791843936844,161.0,165.0,-1.4027376235239808,7.865850973612349,0.018140531470153275,4.336125399274934,0.0,255.0,0.08094652180771807,129.0,148.0,169.0,176.0,47.0,0.0006568100144454094,314.8065491122147,0.677229161777679,487.65125329419334,0.14119097912274123,312.32057495902814,1635.7984640645482,7.115235465446626,11.737862231263845,0.00018791545325541067,4.865159708394323,-0.11774357027460453,0.8667596728519613,5.601292251812714,6
