,mu,varians_n,deviasi,skewness,energi,entropi,smoothness,asm0,idm0,stdevy0,korelasi0,kontras0,entropi0,energy0,asm45,idm45,stdevy45,korelasi45,kontras45,entropi45,energy45,asm90,idm90,stdevy90,korelasi90,kontras90,entropi90,energy90,asm135,idm135,stdevy135,korelasi135,kontras135,entropi135,energy135,Target
0,145.878640776699,0.028206147927522768,42.82644940906458,2.317845874559522,0.11432119430174606,5.502868159922291,0.027432385990276198,0.05763657057206421,0.33237240174830507,9836.11379173584,5.6135613037581084e-05,8832.448704444836,6.295308410832276,0.05763657057206421,0.052433412980354754,0.3146139288163066,9627.241448603225,5.364184413272173e-05,9311.03897198223,6.350803087687217,0.052433412980354754,0.05355429653018961,0.3359076714772329,9417.834261138447,6.487688365027519e-05,7281.685485569786,6.2899581304213035,0.05355429653018961,0.0405498417969034,0.2603013943806012,9977.570429700316,5.4601583663460487e-05,12312.538866652538,6.50204417861355,0.0405498417969034,1
1,157.54439724919092,0.03128846118460133,45.1057888582907,0.7282923256700974,0.18654169415904734,4.746257343864952,0.030339194475870968,0.13854778348584246,0.46580155089745523,10113.63410905934,6.332857141642718e-05,7337.584158415808,5.210383702490264,0.13854778348584246,0.12237942214365957,0.42623742322906105,9869.287278009397,5.313677439099877e-05,9386.670107436226,5.367857167967324,0.12237942214365957,0.1299077762860558,0.4663497234410181,9634.15212860034,6.960393152295966e-05,6264.29934695593,5.233407563004764,0.1299077762860558,0.1222491523811859,0.41469971094011737,9977.570429700316,5.4601583663460487e-05,9158.559511270216,5.368044560895765,0.1222491523811859,2
2,122.03387944983817,0.023270990381393585,38.89982197324453,6.477193593705709,0.10786568057388396,5.57689524556781,0.022741766941638875,0.042777763157898954,0.30772275692941975,10333.147300342767,5.307987083209817e-05,9347.046555719353,6.430653173900563,0.042777763157898954,0.028114726500728958,0.24442059594607568,10196.784673967755,3.294475019833152e-05,13537.723404255295,6.65544333629395,0.028114726500728958,0.03946647931133662,0.3056091308761847,10039.965341686384,5.476590747088374e-05,9027.148514851418,6.473490296965882,0.03946647931133662,0.02982478617098228,0.24646037639962182,9977.570429700316,5.4601583663460487e-05,12070.44659785122,6.619653745661131,0.02982478617098228,3
3,127.80956715210357,0.025715846024273906,40.89221059967792,4.815160243238719,0.09089684727851635,5.84171678583832,0.025071120938561897,0.04209792407555871,0.30607392435118175,9775.880965089216,6.0751860449690314e-05,7971.939751421888,6.612108807692566,0.04209792407555871,0.024829048395251452,0.22225538139876144,9621.955005886826,3.4045455592201e-05,12936.35938487456,6.923205808057883,0.024829048395251452,0.033564821954227365,0.2789404814281087,9452.397822120809,5.709868950650624e-05,8691.077101327086,6.746558329442981,0.033564821954227365,0.032914715708156274,0.2564472853527965,9977.570429700316,5.4601583663460487e-05,9972.60859490198,6.751548969446185,0.032914715708156274,4
4,147.56158980582524,0.029470895640882004,43.77607781709495,1.8304321422628735,0.10927998355039223,5.582666978922859,0.028627225660940447,0.0595521196428012,0.35269345869618796,9695.617896675654,7.046924179023817e-05,6219.496524120453,6.2637963796547185,0.0595521196428012,0.0507469620696447,0.3041275801918537,9481.627860992245,5.3327936879016505e-05,9374.86012218236,6.437672652168937,0.0507469620696447,0.04054855485324512,0.27804886260725986,9268.509054081285,4.327167175498867e-05,11148.095428691733,6.583078112634167,0.04054855485324512,0.028747725271610437,0.21947233077812853,9977.570429700316,5.4601583663460487e-05,15205.186222877535,6.692704828965225,0.028747725271610437,5
5,135.80147653721684,0.026700866400024035,41.66801936331463,4.343540261392425,0.12143928667745438,5.376400676652291,0.02600647108991616,0.06320153684148982,0.3649493790414642,10556.511325359394,6.19002020305333e-05,7373.687802822766,6.0720077371628145,0.06320153684148982,0.03642307944405388,0.2536250302601094,10378.28270789496,2.749118213947836e-05,14832.99515483455,6.454853087106764,0.03642307944405388,0.05271243567888717,0.3363321976701892,10191.0999598541,5.619278045470379e-05,8685.539919949406,6.209291920955382,0.05271243567888717,0.06013426195045728,0.3485288247693325,9977.570429700316,5.4601583663460487e-05,7235.328417948116,6.07502188611245,0.06013426195045728,1
6,128.01355177993528,0.021959629632995456,37.78789378736965,7.365299294555306,0.19211516067332696,4.433120820166895,0.021487766244623008,0.1315412184312153,0.5240566131480645,11971.675809528688,6.751859058286621e-05,4692.6302928165,4.7665089660238,0.1315412184312153,0.11749955367462496,0.4811564649005387,11817.12955191418,6.169674630236508e-05,6408.080050558208,4.92437240256429,0.11749955367462496,0.1161668791381056,0.48454975864905414,11647.122495158379,6.0062241860521027e-05,6937.278070360198,4.965353078086405,0.1161668791381056,0.10213433393054841,0.432451932244293,9977.570429700316,5.4601583663460487e-05,9552.090794185762,5.099213620177875,0.10213433393054841,2
7,111.28246359223303,0.01827508421411436,34.472269304801884,8.771377624019998,0.12811097561294862,5.335124829264376,0.017947099460082327,0.05361915405287955,0.3517414774173494,10523.318240009952,6.136788573893807e-05,7493.508531704191,6.074765984139409,0.05361915405287955,0.027114993164330914,0.2378480413810367,10419.649676196148,3.0143618390531144e-05,14284.777754371155,6.473958837979263,0.027114993164330914,0.044804499723061934,0.32134239745959275,10286.541795348016,5.241469638289604e-05,9474.502211923249,6.2432244280440345,0.044804499723061934,0.04301076652627484,0.30701012701496594,9977.570429700316,5.4601583663460487e-05,9259.973878238845,6.236152451601839,0.04301076652627484,3
8,100.67152103559872,0.012992608838736378,29.06620700639891,12.502323237819823,0.20566100847289026,4.360316299187711,0.012825966078499618,0.11916889711014025,0.5105409535036088,11424.90029319678,6.830774886557759e-05,5078.0332841794625,4.782219158814579,0.11916889711014025,0.12013661217584376,0.5016572927427915,11353.498625610746,7.04704788352202e-05,4560.261428270471,4.766108531781543,0.12013661217584376,0.12435776518949518,0.5206266452738806,11243.792392734074,7.029107421804829e-05,4673.242258268348,4.7418278718961115,0.12435776518949518,0.08704809250763934,0.4267573992744955,9977.570429700316,5.4601583663460487e-05,8502.140931114347,5.070821382974286,0.08704809250763934,4
9,132.56088187702267,0.024038862088500916,39.53640104137922,5.746635032328774,0.15136320887794363,4.934828481245135,0.023474560369197484,0.09018337571445799,0.4469489082314052,11380.96535556552,6.535700705103278e-05,5917.475458184075,5.450515089374218,0.09018337571445799,0.04273516088504344,0.2730415859560562,11212.591087142926,1.4186582974245566e-05,18853.658521171194,6.02615236570912,0.04273516088504344,0.056210348544725224,0.3356557728403863,11032.555230629394,3.613078011215441e-05,13306.95871076464,5.9260000399452535,0.056210348544725224,0.07207896295772204,0.3770702644515268,9977.570429700316,5.4601583663460487e-05,8867.783652833328,5.69598156417946,0.07207896295772204,5
10,120.16302588996766,0.019926106842897116,35.99576499339033,8.122899502943252,0.14972540757454295,4.978891882414522,0.019536814195860508,0.07609726702425511,0.4156066798942959,11294.396453866755,5.7709589930195635e-05,7911.591531493516,5.628435150847205,0.07609726702425511,0.06300212714035837,0.3688056965700141,11163.722920364562,5.1630598546742625e-05,9460.978723404192,5.777529341487785,0.06300212714035837,0.0834357082221793,0.43613542399646305,11011.029617055718,6.531450564087305e-05,6127.136296608345,5.539928732652434,0.0834357082221793,0.061387989150087724,0.35979019028545733,9977.570429700316,5.4601583663460487e-05,9947.251527280345,5.782993536843391,0.061387989150087724,1
11,142.1777912621359,0.0266895746020165,41.65920772765755,4.459757067705623,0.2168684697413624,4.230449838087165,0.025995758856675377,0.15211159274854222,0.5326485824634735,11813.01301960968,6.324255306458735e-05,6073.292395196937,4.624597001852933,0.15211159274854222,0.13099244790396536,0.4796633084549692,11615.394618019327,5.411823464513755e-05,8627.551506214426,4.824401065677378,0.13099244790396536,0.14556375654238823,0.5225932936191655,11414.149380077033,6.12651429393328e-05,6786.010111649436,4.701476352168847,0.14556375654238823,0.13392306269159548,0.47771226533221106,9977.570429700316,5.4601583663460487e-05,7599.1704234252775,4.7898739570523485,0.13392306269159548,2
12,116.4503438511327,0.020579914523758822,36.58153826600814,7.709395672843732,0.11003696497863408,5.5637975944274345,0.02016492214954302,0.03755516827919852,0.3015452850325414,10621.335203880024,5.133311480077017e-05,9674.366757952332,6.488427508263157,0.03755516827919852,0.022900940529488874,0.2240452267905083,10501.95159353357,3.22680120637903e-05,13879.667158205144,6.7283347444438615,0.022900940529488874,0.039835343990497915,0.3029963688745862,10357.446335503362,5.6419550049472214e-05,8591.175689909356,6.472327228441665,0.039835343990497915,0.03357831267396641,0.2734133556812354,9977.570429700316,5.4601583663460487e-05,9550.45060037913,6.530265117197869,0.03357831267396641,3
13,137.6529126213592,0.02706507609173511,41.95124042105401,4.243857592020747,0.12475938030210221,5.308252114094679,0.026351860969438312,0.06269235092610352,0.3744496292049676,10666.389572889577,6.424172848696864e-05,6785.012850221157,5.992804549285009,0.06269235092610352,0.04586924590293567,0.3065673971125842,10482.530909302426,4.526033287289969e-05,11018.396882241368,6.244874600349374,0.04586924590293567,0.04845422756332288,0.3249982899851168,10291.264956093706,4.82461277618467e-05,10366.518854012997,6.243847544564906,0.04845422756332288,0.043099743148232735,0.2906181995395797,9977.570429700316,5.4601583663460487e-05,11561.728249420597,6.254672020861631,0.043099743148232735,4
14,133.99089805825244,0.02821752383227259,42.835084769304764,4.605388844650814,0.11585620601219113,5.4335413952754426,0.02744314620033217,0.05478394900791847,0.354278500446527,10676.127545347157,6.336193573247221e-05,6972.272593216715,6.166714762921629,0.05478394900791847,0.042246765766356234,0.30125703759910394,10503.404729801954,4.8548531729892013e-05,10295.196966505093,6.367580440669249,0.042246765766356234,0.02986159719737257,0.2592015409472046,10320.215078506406,3.537645022765127e-05,13154.899094164695,6.5573921938489965,0.02986159719737257,0.02078509421026785,0.19639277975844485,9977.570429700316,5.4601583663460487e-05,17394.951969665042,6.668314854750314,0.02078509421026785,5
15,110.23978559870551,0.015592721439981642,31.842058847298272,10.048054814882235,0.16467559645374402,4.846410736370528,0.015353321376578077,0.07935995765333953,0.42164082525039404,11256.962497674062,6.001832445312762e-05,7348.527701706301,5.5104344511735155,0.07935995765333953,0.05232861582685891,0.33121945132166875,11156.464621330793,3.721365825992478e-05,13044.954076258631,5.828524932846129,0.05232861582685891,0.07559788850709925,0.41260184084655593,11025.656289577651,5.731605939237145e-05,8090.592795449692,5.5730234897195,0.07559788850709925,0.0665897488547188,0.3804161449943963,9977.570429700316,5.4601583663460487e-05,7885.724668211476,5.616466713450212,0.0665897488547188,1
16,136.68436488673137,0.02410276089374503,39.58891293172586,5.764492240324279,0.21053178282852003,4.2462956925496025,0.023535490591501063,0.139530254026258,0.5220251551094719,12031.23413571243,5.979365892953988e-05,6833.963766589408,4.688494073716595,0.139530254026258,0.12246950819980519,0.4699359280907165,11850.32073632567,4.8540176202714115e-05,10068.278912997635,4.870084479241822,0.12246950819980519,0.13666700408258406,0.5143368965363196,11661.190843415789,5.7123992369931525e-05,7726.924162628993,4.75150744776173,0.13666700408258406,0.12341192816599947,0.4709118325397855,9977.570429700316,5.4601583663460487e-05,8543.50537181375,4.833959647962538,0.12341192816599947,2
17,81.79884708737866,0.008692388315243625,23.774409565722483,13.490948668496399,0.20633682192006833,4.651434308924951,0.008617481816990846,0.09690852169269909,0.43231240047469555,9741.147862959031,7.440368354444255e-05,5392.2003370549555,5.281942202257862,0.09690852169269909,0.07006722594279488,0.35786586855162394,9727.136253662236,5.6361529159510234e-05,8793.811038550617,5.56308094004211,0.07006722594279488,0.09220263469318626,0.41394104288135725,9659.052305484152,6.026802578873565e-05,8071.759637665851,5.428189226364156,0.09220263469318626,0.06718092195667327,0.3526223321010571,9977.570429700316,5.4601583663460487e-05,8991.16178639138,5.574515332141972,0.06718092195667327,3
18,105.79743122977348,0.014802824577372871,31.025049043372533,11.031908839822314,0.17179023182622655,4.77516672142918,0.01458689729557816,0.0907759688921741,0.44981534524102035,11283.096134524889,6.341201931334885e-05,6471.930271750538,5.319019515966248,0.0907759688921741,0.07156325356930374,0.3914426939915141,11196.10704749645,5.559926822827815e-05,8460.677269854608,5.533442847191151,0.07156325356930374,0.07741795967153345,0.41495276373548673,11075.095999307174,5.4059744665819864e-05,8872.699599747171,5.503185640133708,0.07741795967153345,0.0576793725430739,0.3476834870658758,9977.570429700316,5.4601583663460487e-05,11580.614282704802,5.6699580620521175,0.0576793725430739,4
19,129.86953883495147,0.02698360793095017,41.88805445123985,4.949202805084155,0.10401077423126087,5.622370150305212,0.026274623784223516,0.0487829972908931,0.33201033660100204,10334.21107717663,6.476106920248498e-05,6894.355382346693,6.359617994360423,0.0487829972908931,0.02302501964919011,0.20809378348977364,10174.020934357464,1.6301024788717406e-05,16967.52117126602,6.789285324909445,0.02302501964919011,0.03238194322190803,0.26814479133239105,9999.920635604609,4.1633117882868674e-05,11703.152517379289,6.660840461673126,0.03238194322190803,0.03979385115182839,0.2896369252936968,9977.570429700316,5.4601583663460487e-05,7939.813355803607,6.481834470367992,0.03979385115182839,5
20,137.94468042071196,0.026695655470134666,41.66395320832514,4.459376017528674,0.1458355834537763,5.01059718172844,0.026001527646389522,0.07376161960350561,0.3915744277871771,11184.909457045558,5.329591474226766e-05,9071.931535706708,5.7397744514528934,0.07376161960350561,0.06380542405925056,0.3572313108973806,11000.163554529956,4.6027293827269466e-05,10861.590267537335,5.834567519455761,0.06380542405925056,0.06819219340863761,0.38308311580755106,10808.254129047791,5.335857760407464e-05,9123.02864967343,5.821336944527238,0.06819219340863761,0.05710075823613861,0.32220770418287675,9977.570429700316,5.4601583663460487e-05,12643.461133347317,5.927294906403057,0.05710075823613861,1
21,144.24595469255664,0.031557980130886606,45.29964302299634,3.477416459447572,0.21407774763434628,4.316941970427956,0.030592541319764077,0.16053792292352304,0.5171462209854285,11625.39540602823,6.07435671195422e-05,6915.561828523248,4.7172686719750505,0.16053792292352304,0.14621011290090347,0.4793931653252832,11421.487910473475,5.27912762588357e-05,9069.151042763817,4.8427545369395295,0.14621011290090347,0.15480090560006318,0.5106790264662563,11215.681491251682,5.754440703391235e-05,7895.488940383378,4.770729700115617,0.15480090560006318,0.14165220223352162,0.461638539757815,9977.570429700316,5.4601583663460487e-05,9214.789972614219,4.892929989910676,0.14165220223352162,2
22,131.8328276699029,0.02416797214102726,39.64243166696889,6.348930668100542,0.18297449639849733,4.55078122553532,0.023597664444147792,0.11778430105357555,0.48908087431321534,11850.678272794332,6.0278342957485674e-05,6846.002317252972,5.005374381993944,0.11778430105357555,0.10663439869931633,0.45808639123556627,11684.517949968424,5.570865111185806e-05,8159.8432694332905,5.117310164064555,0.10663439869931633,0.1010169118153802,0.44069842805920634,11506.087763089603,4.9824400396978495e-05,9796.765114809325,5.241029913364107,0.1010169118153802,0.08923137023687074,0.38784439123167314,9977.570429700316,5.4601583663460487e-05,12355.643564356411,5.342393829063804,0.08923137023687074,3
23,152.50040453074433,0.029582500992846903,43.85888880329585,2.247106370374985,0.23675824575046361,4.15745213000352,0.028732521157187496,0.19999157717563623,0.5862468611229762,11238.46828041114,7.307668671750178e-05,4158.697282494187,4.278420623648771,0.19999157717563623,0.17809640530453405,0.49894466093766554,11009.459765326275,4.4717572219471255e-05,11178.983989888302,4.597116623053071,0.17809640530453405,0.18602293537736747,0.5225273938556693,10785.44876830393,5.09572817956996e-05,9694.49610280175,4.555473158126146,0.18602293537736747,0.18068238545569137,0.5064901070072485,9977.570429700316,5.4601583663460487e-05,8837.664208974045,4.555334788627315,0.18068238545569137,4
24,151.61974110032364,0.03458353458944282,47.42145439227396,1.1160215144460566,0.1442046143342655,5.1899194085213765,0.03342749370466891,0.0852104479056507,0.39412887725053786,10146.964721235361,6.701728817936706e-05,6572.629028860293,5.806005403506311,0.0852104479056507,0.08345905071751898,0.37884831803600405,9920.63422229924,6.423306517698369e-05,7195.225405519242,5.854891680864724,0.08345905071751898,0.06822110526360511,0.3391590414910468,9698.565463251565,4.223907375747189e-05,11495.020644617574,6.0882554785655305,0.06822110526360511,0.0545756194559076,0.279121926268181,9977.570429700316,5.4601583663460487e-05,16350.142405729946,6.178853745595408,0.0545756194559076,5
25,149.40867718446606,0.028336875092512696,42.9255786552801,2.5477830032586994,0.18300904597511572,4.660075344220781,0.02755602349664188,0.13297527306392656,0.49553636744331325,10941.328339455631,6.868009985867759e-05,5546.427638508491,5.035413941883419,0.13297527306392656,0.10811109998225442,0.41291805947741445,10721.721481661312,4.21436813454782e-05,11755.103223088203,5.359265194897554,0.10811109998225442,0.11574207678713415,0.4419833992321328,10504.529060330575,5.451371293628255e-05,8947.881398778116,5.297925431430933,0.11574207678713415,0.11532907881593425,0.4344607430440721,9977.570429700316,5.4601583663460487e-05,7435.490414998896,5.235703683812321,0.11532907881593425,1
26,165.6549352750809,0.03569821487449366,48.17962663008037,-0.8154068475363281,0.2685647619028917,4.046654993136727,0.03446777677300494,0.23312445202271703,0.5859889025819361,10219.759426296501,7.606874037053862e-05,4687.837160311745,4.194578994380662,0.23312445202271703,0.21448012202356095,0.5332547515869835,9950.749198245236,5.264869246511658e-05,9474.343164103606,4.412666442262516,0.21448012202356095,0.22531019668981317,0.5547839712783794,9697.726857879534,5.859117650614974e-05,8339.587528965623,4.378510403649844,0.22531019668981317,0.2144747745507695,0.5251310630079584,9977.570429700316,5.4601583663460487e-05,8914.836738993015,4.415802317042271,0.2144747745507695,2
27,157.72805420711973,0.028420504902189687,42.988874505677444,1.4299289628678074,0.24431245237926935,4.130000250229198,0.027635101368279957,0.21475756932554618,0.5949521905068869,10756.872710100128,7.748566187235102e-05,3736.2753317884744,4.211955651239808,0.21475756932554618,0.1905364021111387,0.5107399804683429,10511.967395204743,5.0466518062187293e-05,9869.934695597178,4.549101438700036,0.1905364021111387,0.19719804407640104,0.5346832766830028,10276.427203976365,5.9790410369786894e-05,7869.32336212342,4.515908930527529,0.19719804407640104,0.1960976628703741,0.5312943675074854,9977.570429700316,5.4601583663460487e-05,6944.316621023765,4.460161322234559,0.1960976628703741,3
28,128.3104773462783,0.024531339621246182,39.9393334805619,6.645373564093075,0.16448298614383933,4.776122106160291,0.02394396215377359,0.11423604206424073,0.49088462590233384,11604.791066205722,6.62928664911366e-05,5444.515062144486,5.113482765517064,0.11423604206424073,0.09404955416499468,0.4187240348233631,11449.3418853698,5.201650301391475e-05,9263.423004002485,5.379594156077708,0.09404955416499468,0.09362512902164784,0.41951406129474533,11278.679981267393,4.9057509954174965e-05,10061.375394986242,5.4167244549696925,0.09362512902164784,0.08751906950955654,0.39106735548243143,9977.570429700316,5.4601583663460487e-05,11147.961449336366,5.464657657254954,0.08751906950955654,4
29,156.55157766990288,0.0340396515912566,47.04708646368509,0.7033533725143849,0.1891290462893141,4.680808224387717,0.03291909699872142,0.13287413704325624,0.4756460394226967,10494.893310861797,6.80367055082697e-05,6100.611754792476,5.156719701671788,0.13287413704325624,0.1072627378466043,0.38916062073735974,10253.56555245008,2.4881587924781932e-05,15282.361070149547,5.43469117699711,0.1072627378466043,0.12027111997692122,0.4345493896183918,10020.619993095774,5.037621685873054e-05,9924.209606066936,5.364627122798768,0.12027111997692122,0.12887493743345999,0.4457574829307186,9977.570429700316,5.4601583663460487e-05,6569.071413524284,5.189690550326751,0.12887493743345999,5
30,153.84870550161816,0.03800871605224635,49.71435166325031,0.6918175228726425,0.13562195947361258,5.556252414931823,0.03661695269457965,0.11626648413959623,0.44049965133233465,7995.872697086507,0.0001048201355482339,2739.3461133347355,5.786703558390678,0.11626648413959623,0.11144182111580753,0.4114983656004608,7762.764123285824,9.383070904130439e-05,4211.733094586022,5.887360282924825,0.11144182111580753,0.1132173817805787,0.4205566269759748,7535.779548326203,9.200990021240067e-05,4531.274489150995,5.894637653112941,0.1132173817805787,0.10569104680840398,0.38514423660645813,9977.570429700316,5.4601583663460487e-05,5799.272803876049,5.971203010881155,0.10569104680840398,1
31,130.06219660194174,0.04686682495539114,55.20430501984704,2.229344264237496,0.04511127377436353,6.544223002132302,0.04476866000351887,0.023512394088420846,0.2631625523646849,8819.537376604781,7.423829127906215e-05,6143.525384453267,7.285283171184833,0.023512394088420846,0.02001006567450984,0.23336480026931258,8658.761379311232,7.652656768588824e-05,5845.550452917574,7.350034727825826,0.02001006567450984,0.02184584642706035,0.25192317495528815,8484.23618812118,8.217315925348498e-05,5075.301032230827,7.29189315577478,0.02184584642706035,0.01835263756218417,0.20467071453408414,9977.570429700316,5.4601583663460487e-05,8605.585001053232,7.455111840505465,0.01835263756218417,2
32,137.34213187702267,0.05168056047972334,57.97006507840068,1.424690797603685,0.08643217875153175,5.962788153520042,0.04914092969080763,0.055741035694093194,0.34933225034339316,9443.894890796,8.151985327481668e-05,4447.920792079189,6.499120240456399,0.055741035694093194,0.05145764342243746,0.31350506284998414,9260.981282746905,7.220755667175375e-05,6137.117337265593,6.623063698395582,0.05145764342243746,0.044786926285508996,0.3045061724757313,9070.400733453618,6.86787754468847e-05,6796.03791868543,6.720544703139632,0.044786926285508996,0.03719382556383983,0.25815916969980657,9977.570429700316,5.4601583663460487e-05,9531.987571097443,6.852535593138063,0.03719382556383983,3
33,120.7450444983819,0.04383992359228246,53.39186297169417,4.0189851559257805,0.045983318179794966,6.488259345878173,0.04199870363399316,0.027619297569288236,0.287641775977179,8750.025431704184,8.438857002038248e-05,4650.299136296553,7.131380169070029,0.027619297569288236,0.022324633845668376,0.2417109908171364,8617.582033372299,7.364921478379734e-05,6301.124499683959,7.294033675043556,0.022324633845668376,0.023540396207350232,0.26754967384034206,8463.605131126431,8.32972598528103e-05,4939.613018748626,7.21124554556758,0.023540396207350232,0.02090719853710879,0.2284472131002117,9977.570429700316,5.4601583663460487e-05,6841.022329892462,7.33132071387413,0.02090719853710879,4
34,139.82574838187705,0.04617762582744133,54.796898812153344,0.9535311768636979,0.05972713566704374,6.3878367135795315,0.04413937431601889,0.032957406735748734,0.28882569386997436,8595.368585201664,8.57202480789758e-05,4616.119022540506,7.039744929656138,0.032957406735748734,0.03260016892688718,0.277157061629813,8404.902528762137,8.487968956217948e-05,4817.93111438798,7.057679930882712,0.03260016892688718,0.026436374459599968,0.24674763659223536,8208.844547202032,5.867695366694544e-05,8519.133558036552,7.245982134734227,0.026436374459599968,0.021918580932491685,0.1969093509384854,9977.570429700316,5.4601583663460487e-05,11736.94291131231,7.353364696716542,0.021918580932491685,5
35,75.90200242718448,0.005656883892874905,19.179126026338913,13.567090512044915,0.2408583333987919,4.5045706712136795,0.005625063561418009,0.15219493344481863,0.4984552033903597,9210.366231071024,8.414399829978364e-05,4174.417316199669,4.92210259402769,0.15219493344481863,0.1219462768475852,0.4313970100850692,9214.286381719761,6.401716999616825e-05,7568.293027175013,5.199321157353877,0.1219462768475852,0.13932156945530375,0.47213695095043096,9159.207487724474,6.975485002901421e-05,6617.213608594842,5.072002096564161,0.13932156945530375,0.11187430075136555,0.41614589741518704,9977.570429700316,5.4601583663460487e-05,7410.103855066312,5.228517344489043,0.11187430075136555,1
36,146.45095064724921,0.04323438253440527,53.021841954987785,0.8778588853977521,0.10639217897408912,5.873005148340153,0.0414426357664448,0.08323283708637999,0.39193589580696153,8464.053115282302,9.216121531281266e-05,3839.249210027361,6.229777227100737,0.08323283708637999,0.07862023131347806,0.35760858442796273,8253.44043069523,7.785037515922447e-05,5899.297029702917,6.339783685828606,0.07862023131347806,0.08127612800722661,0.3726097375305041,8042.771056195579,8.309225363385678e-05,5265.161786391345,6.310899630212331,0.08127612800722661,0.07538705163382142,0.33758446951726395,9977.570429700316,5.4601583663460487e-05,6350.474194227859,6.385613699503134,0.07538705163382142,2
37,110.47532362459548,0.017222121053032405,33.46443517338119,8.82507521395477,0.12037334325677312,5.4738371118922675,0.01693054122260329,0.05707044849409436,0.3636420156406037,10503.347435158914,6.489142119116044e-05,6736.256161786335,6.196109767504343,0.05707044849409436,0.0345702799710418,0.2690063081991304,10402.133309434568,4.178561142978123e-05,11758.28565409724,6.511580947875183,0.0345702799710418,0.04956974145168588,0.3302073192426226,10270.805516009108,5.928576576118509e-05,8012.777122393008,6.326677965156525,0.04956974145168588,0.048157431729079346,0.3250535343828575,9977.570429700316,5.4601583663460487e-05,7354.055192753238,6.281359756273034,0.048157431729079346,3
38,139.7799352750809,0.04080839235135969,51.51277232538707,1.37097128610489,0.05297067855777591,6.543463951052899,0.03920836212625711,0.026612352910661538,0.2666134946043398,8050.692159215901,8.551177717544829e-05,5089.693490625583,7.247428273937918,0.026612352910661538,0.025183667939424163,0.24756428308401818,7860.365416202659,8.739852045392715e-05,4921.164314303713,7.275778477087633,0.025183667939424163,0.0236128422598924,0.25806483740434766,7664.408472056594,9.650706701239188e-05,3899.0046345059786,7.256244373776563,0.0236128422598924,0.018528704767979638,0.19850912659800243,9977.570429700316,5.4601583663460487e-05,7667.449968400999,7.44398292064247,0.018528704767979638,4
39,70.76243932038834,0.0061457734232481945,19.990720768564444,13.300662970095612,0.23557646203825944,4.601206103322775,0.006108233603504765,0.15565523649164906,0.4838515425201684,8612.626153573015,9.308383039480632e-05,3441.573625447631,5.000602423049033,0.15565523649164906,0.07399610961369493,0.32591193124251605,8632.175240910345,3.437438881977066e-05,12117.188329471195,5.632335453174744,0.07399610961369493,0.07985583035845899,0.35359265470090673,8588.431272715407,4.629324067965293e-05,10346.342532125518,5.586719787423094,0.07985583035845899,0.08539920703856932,0.35378562535300195,9977.570429700316,5.4601583663460487e-05,8699.850642511028,5.51725087912821,0.08539920703856932,5
40,149.8601334951456,0.03550353696065584,48.04807478834762,1.253865150476244,0.13807890689639823,5.231050477929748,0.03428625368568372,0.07672789160597049,0.3787724899767563,10298.665011061714,5.952720520230002e-05,8019.284600800446,5.936050354013292,0.07672789160597049,0.07347305577094736,0.3551929224178109,10077.685316325646,4.8803836623858075e-05,10242.671160733016,5.979952727057123,0.07347305577094736,0.061775958285985644,0.33451528854179874,9859.497241536124,4.936269892031555e-05,10130.138192542598,6.1345985033698796,0.061775958285985644,0.0514913924104671,0.28033159344506764,9977.570429700316,5.4601583663460487e-05,14305.216768485301,6.234190135242214,0.0514913924104671,1
41,146.0610841423948,0.029786146814125593,44.00959209750207,2.9009101457396573,0.17015686939679123,4.8359251363015545,0.02892459459303831,0.10954553182258733,0.4485350354166,10820.899722548289,6.663684766605168e-05,6127.985253844491,5.34200013109514,0.10954553182258733,0.09327809800732614,0.39477467068971994,10611.472585992102,5.091505104934675e-05,9756.302085527666,5.553642605680499,0.09327809800732614,0.09924128458455699,0.43036380875629654,10401.663033195751,6.208133502417454e-05,7309.145144301618,5.464152298292438,0.09924128458455699,0.09117126029371736,0.3927654837762555,9977.570429700316,5.4601583663460487e-05,7869.353907731142,5.52646290205641,0.09117126029371736,2
42,167.51830501618122,0.03604490417468902,48.4130136839172,-1.4947320434045408,0.1703209849996334,4.991738197199089,0.03479087057853192,0.08819997364872033,0.3960574681283401,9051.36757397453,7.143374482994252e-05,6472.654097324587,5.675138675000733,0.08819997364872033,0.08097347436046672,0.36457502615895976,8776.691010651915,5.981458898766767e-05,8337.300400252772,5.76978680980403,0.08097347436046672,0.07567568203243363,0.35226024691360436,8519.559146321892,5.909583366890144e-05,8460.655361280758,5.853810247907625,0.07567568203243363,0.06449314012433374,0.3049812628649278,9977.570429700316,5.4601583663460487e-05,11875.402148725447,5.927141537966507,0.06449314012433374,3
43,142.98927993527508,0.0326144139221029,46.05162608730273,2.242878462734158,0.10142673591473696,5.699256428641127,0.03158431015719221,0.04971629770805355,0.3258920674322341,9821.704628901036,6.713239513297662e-05,6755.536760058932,6.42905712801415,0.04971629770805355,0.04727443305804837,0.3065523855733163,9621.618565209581,5.9151162232349526e-05,8291.180745734087,6.494729037570517,0.04727443305804837,0.03838988437432644,0.2807345742458555,9418.583649096745,5.5771376412575295e-05,8934.031388245176,6.636142103443169,0.03838988437432644,0.03183272892098337,0.23618724584054504,9977.570429700316,5.4601583663460487e-05,11877.255529808268,6.740236777055931,0.03183272892098337,4
44,166.6192354368932,0.034853955074697476,47.60649565691853,-1.1612348885763504,0.18149168748232633,4.887873202293118,0.03368007137990958,0.14146754800710187,0.49248873118198,9179.49964168605,9.463092264497838e-05,2595.8887718559163,5.118103857643491,0.14146754800710187,0.08829283329033895,0.3603557582525406,8907.557065910953,3.662459051068865e-05,12011.327575310672,5.748893176642485,0.08829283329033895,0.0859163586914338,0.3639678389812332,8652.408032953617,4.150907884886465e-05,11170.23909837786,5.775430872036123,0.0859163586914338,0.07691669511625727,0.3316336766180425,9977.570429700316,5.4601583663460487e-05,11687.996629450132,5.819235876117256,0.07691669511625727,5
45,91.03044093851133,0.012778081471082402,28.82524497132909,11.438559710823517,0.15099040483185194,5.229853178929693,0.012616862178259303,0.050267153971579825,0.3299332593223411,9832.759967977754,6.397171193188161e-05,7318.531914893551,6.050267440011575,0.050267153971579825,0.031204633849217782,0.25150465084109175,9790.67593446199,3.33134520935593e-05,13179.971350326454,6.335598310516859,0.031204633849217782,0.06185896615200444,0.3535971586743862,9702.2323897292,5.641893413067609e-05,8780.514219506998,6.047096763728075,0.06185896615200444,0.0497531087344451,0.3165203312102373,9977.570429700316,5.4601583663460487e-05,7833.01221824304,6.084476184977053,0.0497531087344451,1
46,148.4019012944984,0.030800840859341188,44.75292925472768,2.5178762857402424,0.17982839845100093,4.699780426956713,0.02988049644358426,0.119381952851797,0.4714234116290345,11007.34808209229,6.38350526087749e-05,6631.952390983751,5.178432762075279,0.119381952851797,0.10793811700350213,0.4339254322665913,10790.802736787691,5.3961976443129105e-05,9013.795449757697,5.291173056744546,0.10793811700350213,0.10300548384444112,0.41833699220814613,10575.830685121244,4.928760970051222e-05,10118.939330103192,5.440229383618289,0.10300548384444112,0.09182149967189683,0.36663009956835196,9977.570429700316,5.4601583663460487e-05,13317.613229408025,5.519586774416385,0.09182149967189683,2
47,114.88632686084142,0.020117907627883253,36.1685905656152,7.908080622048114,0.11468045671390065,5.499971439594098,0.01972115916939854,0.05253485964259437,0.3507901374293415,10576.363090695439,6.441916736291767e-05,6791.593006109063,6.185133551033098,0.05253485964259437,0.021978934152374695,0.2163745029691348,10461.735511554962,2.7627952691170956e-05,14866.697071834793,6.664801040128159,0.021978934152374695,0.033479062691417795,0.2830884957593478,10320.679577167111,4.606703331630785e-05,10835.591110174802,6.492824010013545,0.033479062691417795,0.04914090076026744,0.33057409706379676,9977.570429700316,5.4601583663460487e-05,7523.29176321882,6.234679515610731,0.04914090076026744,3
48,130.6347087378641,0.025962038429977803,41.08748652460146,5.35713538349789,0.12209650594751859,5.337632789542843,0.0253050673002555,0.0602064861161622,0.36504145145884376,10837.92495241301,5.895366935456221e-05,7874.950705708814,6.055782944455812,0.0602064861161622,0.03692527592404987,0.2537505893716735,10675.407998594452,2.7909808304223637e-05,14986.164946281855,6.4206593932719915,0.03692527592404987,0.054336736086329135,0.34200033347948233,10499.620174288584,5.437590625468329e-05,8988.649673477945,6.137731430028451,0.054336736086329135,0.0656374327355586,0.37735967458800473,9977.570429700316,5.4601583663460487e-05,5440.353697071775,5.893885868601387,0.0656374327355586,4
49,126.37034789644015,0.025741978465548484,40.912982654926175,5.337374894299064,0.09010822097459203,5.814841348797483,0.025095958833679544,0.03783376939274183,0.30559061531976495,10275.41611428325,6.600245633683003e-05,6671.891299768204,6.5945835862613125,0.03783376939274183,0.013229980515230487,0.16803531133716282,10125.866687902677,1.5145312174295132e-05,17137.74552348848,7.078083836520952,0.013229980515230487,0.019368502071689195,0.21764973438469476,9959.483595617607,3.7260758909629515e-05,12569.041289235225,6.969680475998563,0.019368502071689195,0.026585038640925346,0.24638161446068418,9977.570429700316,5.4601583663460487e-05,9224.127238255678,6.787514457229163,0.026585038640925346,5
50,121.84112055016183,0.020632747014437687,36.6284639947379,7.455050952328952,0.13344386334061162,5.195342922756966,0.020215642771401088,0.05878516778794117,0.36841915757974697,11078.998719857202,5.8282500324795735e-05,7895.638508531651,5.949003886685932,0.05878516778794117,0.04641748390177604,0.31672519869794985,10943.22225549175,4.9784170420253304e-05,9964.334527069643,6.12499723691325,0.04641748390177604,0.060196545585828834,0.37449934033494503,10786.828038688076,6.530038889701861e-05,6322.309669264759,5.931319230592011,0.060196545585828834,0.045429310869627246,0.3120482718422764,9977.570429700316,5.4601583663460487e-05,9864.771855908944,6.118385078560741,0.045429310869627246,1
51,154.63096682847896,0.03151806588720361,45.27098667265177,1.0904583420095324,0.15451591399728745,5.035122791738362,0.030555030425080454,0.08722573510998267,0.4008410352467468,10130.656586906074,6.177710262952718e-05,7638.130608805506,5.72208853596213,0.08722573510998267,0.07413063960345567,0.35320954552189016,9895.169228664576,4.883793664832186e-05,10227.058984621815,5.854216940218692,0.07413063960345567,0.07987051926712052,0.3864779240271844,9666.459434282167,6.390776741486136e-05,7335.148514851458,5.795168211122628,0.07987051926712052,0.0734233531192797,0.34605797564470386,9977.570429700316,5.4601583663460487e-05,10683.980408679103,5.872645993437851,0.0734233531192797,2
52,135.50222491909386,0.029371071842208357,43.701875778272935,4.6415310583053415,0.14186140027204386,5.126593553675198,0.02853302627753529,0.10022757157858478,0.457681257590141,10941.296185956142,7.209141332051635e-05,4728.066568358921,5.478271256059615,0.10022757157858478,0.08678360339697996,0.4078979323403906,10763.977565021898,5.5387141063590784e-05,8694.259953654877,5.70011485190314,0.08678360339697996,0.08259446865402272,0.39103218620277824,10577.454794262349,5.2187431142514966e-05,9460.39035180107,5.8069558974581215,0.08259446865402272,0.07424211555076712,0.34509825334262145,9977.570429700316,5.4601583663460487e-05,11388.144091004751,5.884577329601717,0.07424211555076712,3
53,138.46359223300973,0.0286104959118072,43.13232542612632,3.96257850029449,0.12796768385202312,5.285963997623353,0.02781470345239434,0.07293116373566615,0.3968671027438857,10709.150715525171,6.655416147745006e-05,6233.678744470144,5.874220173644282,0.07293116373566615,0.05858484835077346,0.3368809556481377,10522.826850117981,4.82055047307042e-05,10370.270486623087,6.109557934335966,0.05858484835077346,0.05655615918143841,0.3368168181953491,10329.773003063869,4.916299951604879e-05,10166.923109332165,6.166642788261412,0.05655615918143841,0.051630426703034804,0.3049465697044917,9977.570429700316,5.4601583663460487e-05,11914.522224562788,6.195681714910229,0.051630426703034804,4
54,129.711569579288,0.023930600975709048,39.44727276308821,5.299381019537991,0.10506137592164953,5.582539232514297,0.023371311447187293,0.03943636926744648,0.30478522658896956,10539.595481833709,4.713099017601257e-05,10608.26690541389,6.504070108831059,0.03943636926744648,0.02920328113830199,0.24129989657119588,10379.885708930015,2.2767167082153906e-05,15849.15041078574,6.63688654970145,0.02920328113830199,0.0365060651213889,0.2903188952175252,10206.13379967146,5.079221387870156e-05,9826.833368443155,6.531774345271381,0.0365060651213889,0.029368231813520766,0.24802374081719009,9977.570429700316,5.4601583663460487e-05,12825.651990730914,6.641057391160151,0.029368231813520766,5
55,124.76941747572815,0.02024946196197836,36.28665407663874,6.841166491880249,0.12906735862370466,5.263361695854378,0.019847559559637462,0.057864137712910976,0.36442786709420605,10929.6589434663,5.981631056347122e-05,7618.033494838783,6.012881931771379,0.057864137712910976,0.03871687900719172,0.28405122944491357,10784.977798624292,3.6301339784485864e-05,13122.37392037072,6.2937798085651195,0.03871687900719172,0.0540750205611428,0.35318068367044775,10622.125439818556,5.493580268820971e-05,8824.707394143597,6.091673844636895,0.0540750205611428,0.052830080080290096,0.339432102921399,9977.570429700316,5.4601583663460487e-05,8378.179481777883,6.061042849400827,0.052830080080290096,1
56,150.759607605178,0.031388272111092366,45.17767583689738,1.4125667871431222,0.12651373784444023,5.363389020169666,0.03043303182694268,0.07321191715153681,0.37143619453040966,9940.961815105784,6.773146536398357e-05,6570.576785338053,6.012211665988533,0.07321191715153681,0.05744918713754078,0.31450091943299857,9717.246902681653,4.7240409050053366e-05,10514.07520539281,6.264175689509479,0.05744918713754078,0.06160250934487348,0.3499487900383883,9497.075104356749,6.388702233267895e-05,7422.869812513119,6.152456069405072,0.06160250934487348,0.05364034424589199,0.3055950932411444,9977.570429700316,5.4601583663460487e-05,9478.316831683105,6.254058384848934,0.05364034424589199,2
57,132.3722694174757,0.02464292569501871,40.03006674137069,4.879797768197116,0.11364401032666205,5.471023570652445,0.024050256998849884,0.06653729480626253,0.3862915481078505,10544.692557469489,6.926301744540152e-05,5768.152728038698,6.018064099122915,0.06653729480626253,0.0490793049740962,0.30320518086847315,10376.89184211522,4.427190845018705e-05,11219.013482199212,6.311322869614558,0.0490793049740962,0.049981652177380625,0.31793641592273175,10197.271956412607,4.894554848629697e-05,10217.887297240319,6.317763658679852,0.049981652177380625,0.052267064418051914,0.3238035357383493,9977.570429700316,5.4601583663460487e-05,10062.469559721845,6.236594314446906,0.052267064418051914,3
58,149.69073624595472,0.030867696904112014,44.80147309173978,1.9458499626379369,0.1529001229629457,5.039231816667218,0.029943412716116113,0.10804022932625812,0.4548522777015201,10435.120257518374,7.37744574914339e-05,4919.026543079797,5.438661011851415,0.10804022932625812,0.08475589052973334,0.36357404223145173,10214.65568417052,3.985652751844507e-05,12113.813355803595,5.821518885756798,0.08475589052973334,0.08556746382767597,0.3779630422366411,9996.841202468702,4.523387185800996e-05,10976.41036444064,5.827797178830741,0.08556746382767597,0.08301314692827302,0.3643320472974788,9977.570429700316,5.4601583663460487e-05,11259.565409732399,5.791901370311939,0.08301314692827302,4
59,158.19589401294496,0.02834876376584593,42.9345823768455,0.7068709381593031,0.1389172608621087,5.219345130233806,0.027567265858357115,0.06713940692932024,0.3714290394056924,9491.261068736105,6.490263277691845e-05,7343.760480303296,5.972482177248423,0.06713940692932024,0.06193982171570213,0.3361119442169711,9244.93309620366,6.0138108711319344e-05,8208.43206235511,6.069065987813704,0.06193982171570213,0.07530211335231242,0.37010167758612056,9008.361118931389,6.282974632354049e-05,7788.279123656973,5.957621097639129,0.07530211335231242,0.05063757185860824,0.2876619303018251,9977.570429700316,5.4601583663460487e-05,13255.876553612734,6.2218427211367135,0.05063757185860824,5
60,102.64815938511327,0.010663176241803846,26.331977425238975,13.836214228656045,0.2643655666768786,3.6511876935649386,0.01055067256081832,0.19192128662059094,0.6385122628104438,12549.198250486595,6.902393769931317e-05,3440.014746155456,3.8073448353982324,0.19192128662059094,0.17907048852248078,0.6076609256526024,12471.78580825319,6.581744441823585e-05,4489.517590056856,3.917844587175706,0.17907048852248078,0.18312396165280562,0.6259696503211418,12357.720245884759,6.76643112383722e-05,3996.4333263113367,3.8886869563111954,0.18312396165280562,0.15787352796388687,0.5721767610166086,9977.570429700316,5.4601583663460487e-05,5930.966294501777,4.074355345088608,0.15787352796388687,1
61,171.2184466019418,0.036991317133055375,49.04447365990307,-1.9437967718425113,0.24358723856055137,4.460250198084534,0.03567177132719335,0.2108905698937117,0.5453547753899091,8860.526665006757,8.488419709339646e-05,4524.409100484495,4.609394486826963,0.2108905698937117,0.1966869277455244,0.5063990978283965,8574.598312887927,7.005467071982886e-05,6842.58837160306,4.7579842930657765,0.1966869277455244,0.2056794021871562,0.5277550871005334,8309.306060319781,8.139019435824446e-05,5278.659574468034,4.7106753440657885,0.2056794021871562,0.19426152709888406,0.496080891937655,9977.570429700316,5.4601583663460487e-05,6185.65114809349,4.756564175161454,0.19426152709888406,2
62,122.88561893203882,0.027517509705909517,42.30042634095744,7.6004180628859,0.16903612531550719,4.715849382089653,0.026780574974129112,0.10626686534118188,0.46173527738382325,11696.07512064323,6.41651232988332e-05,5915.067832315118,5.193452947922885,0.10626686534118188,0.0985174231535978,0.43451221110419447,11557.122433174285,6.0441339999758524e-05,6974.46787444696,5.2914334068166715,0.0985174231535978,0.10627773779623409,0.4647332708930324,11398.424652544174,6.679378675952923e-05,5367.727828101938,5.202261507731242,0.10627773779623409,0.09105590132674447,0.4081968332035666,9977.570429700316,5.4601583663460487e-05,7934.81419844107,5.3796464050706545,0.09105590132674447,3
63,164.6822411003236,0.039170710703139267,50.46855915787205,-1.5962114459392374,0.1535347182947393,5.341119822205615,0.037694202020604584,0.11050974107625652,0.41267663711455826,8419.084141352778,7.531753389114242e-05,6227.757109753467,5.786662821888074,0.11050974107625652,0.09619628713204105,0.37052598539256876,8153.031786443356,6.172194143036238e-05,8100.548135664616,5.943917008250548,0.09619628713204105,0.10844555001287151,0.40463748209785266,7902.154651043173,8.245884916900982e-05,5425.854223720203,5.798880646886692,0.10844555001287151,0.100199192252031,0.3675893106177186,9977.570429700316,5.4601583663460487e-05,7375.51063829782,5.884868979555092,0.100199192252031,4
64,141.70995145631065,0.029711321996627894,43.95427980106975,3.2684051071632285,0.13840527663880797,5.165691340205596,0.028854030602496472,0.0799228623721578,0.40050022492848275,10688.146069259112,6.405472641622168e-05,6814.586896987509,5.798842617257322,0.0799228623721578,0.07709154194444344,0.3746205534107805,10491.950325306072,5.889845328649382e-05,8016.572782810119,5.861584715409053,0.07709154194444344,0.06818172034989534,0.35431680079538924,10291.736873407644,4.958920079238272e-05,10076.517168738068,6.007185702663803,0.06818172034989534,0.055170853086995056,0.2990792512599782,9977.570429700316,5.4601583663460487e-05,14527.438803454765,6.109942403041611,0.055170853086995056,5
65,120.69842233009709,0.020525983508067724,36.53357466238561,8.908717036724727,0.185247690803667,4.488930667069941,0.020113141497396736,0.11362745084551854,0.4999075296170995,12102.645277234118,6.47579569630337e-05,5320.387402570009,4.932970931176793,0.11362745084551854,0.08642119562479914,0.4223547029571204,11970.343652609723,5.00807813335374e-05,9592.181167052822,5.246509962172733,0.08642119562479914,0.10188728512533989,0.47252429722387956,11816.469572103222,5.9394405336409423e-05,6993.50979566037,5.088124980023681,0.10188728512533989,0.09865825472955006,0.4526670454355372,9977.570429700316,5.4601583663460487e-05,7423.990099009858,5.095057962471587,0.09865825472955006,1
66,137.65058656957927,0.029288392892385908,43.64032249912223,4.982539212417394,0.20531293529602765,4.348807811853839,0.028454991909588223,0.15383978057344277,0.5321333834671341,11928.186289765345,6.760749292128833e-05,4732.9161575731805,4.665448749408975,0.15383978057344277,0.13968808213398584,0.488973958779661,11744.334699486897,6.073898133980103e-05,6734.427638508496,4.824276956372368,0.13968808213398584,0.1479219254771747,0.5207915197595656,11553.073876213082,6.703803486473697e-05,5108.9650305455725,4.73365666374281,0.1479219254771747,0.13895430236137626,0.4859257476923673,9977.570429700316,5.4601583663460487e-05,6309.9201601010645,4.805764758213666,0.13895430236137626,2
67,123.03499190938511,0.023453548557767656,39.052106152790806,8.071381879688843,0.18068096908678094,4.5540251404843906,0.022916085044424217,0.11480338451981537,0.4919758851134544,11975.260315641168,6.36544346251891e-05,5775.621655782575,4.995450303096034,0.11480338451981537,0.0935903149767972,0.42682934244576587,11835.853398745026,4.950187873126398e-05,9805.271118601195,5.2323236452442,0.0935903149767972,0.10539762365409468,0.46959416850608104,11676.826187075685,5.906013817643815e-05,7195.69917842844,5.126225487744817,0.10539762365409468,0.10151819855934127,0.4477001005457585,9977.570429700316,5.4601583663460487e-05,7462.228986728414,5.123095807024011,0.10151819855934127,3
68,123.30420711974111,0.023037941300284987,38.704549255236536,7.9114380687637516,0.17634347327609612,4.6210100013537865,0.022519146524520584,0.11549773500134702,0.4933062109349216,11850.812045916988,6.59737194417258e-05,5259.131451442993,5.005272943207463,0.11549773500134702,0.09321501557933974,0.42704212639888295,11710.586470432303,5.171622375489973e-05,9239.958078786534,5.2868141173400796,0.09321501557933974,0.10129848621255023,0.45848125948304075,11550.96552455441,5.8365356965638636e-05,7478.866020644582,5.204329663154584,0.10129848621255023,0.09579160991725802,0.43302689769687275,9977.570429700316,5.4601583663460487e-05,8076.2110806825,5.2315623975326355,0.09579160991725802,4
69,135.04813915857605,0.026019323995988577,41.13279157605471,4.984430013142453,0.14232285906358355,5.086682974394615,0.025359487280076087,0.08330960993225739,0.41863205324613095,11053.821149268319,6.649147972322788e-05,5944.758373709677,5.6406458913608235,0.08330960993225739,0.056437072515590506,0.3322543662001643,10877.883361189779,4.2230424441802255e-05,11761.460501369222,6.002940151465109,0.056437072515590506,0.05805078892086942,0.343204587470073,10692.362042945857,4.723312974756781e-05,10585.073941436662,5.998478781709573,0.05805078892086942,0.05299389913263955,0.3106101827631931,9977.570429700316,5.4601583663460487e-05,11836.318938276749,6.04136938234357,0.05299389913263955,5
70,157.64300161812298,0.022756619858678304,38.46750844947664,2.6224512242042857,0.3024341066547273,3.4472249192184283,0.022250278724006534,0.2606261939453374,0.6818668540689315,11632.286186448233,7.488972555967137e-05,3169.36633663366,3.450633489157754,0.2606261939453374,0.2361790793639955,0.6178436944015357,11387.639508620106,6.328445117685214e-05,6355.538655993226,3.7167967235803387,0.2361790793639955,0.2414586104052763,0.6217246425845647,11152.28689457785,6.307225056125411e-05,6515.829365915304,3.748554508203202,0.2414586104052763,0.22432468629971636,0.5723979416651447,9977.570429700316,5.4601583663460487e-05,8208.184958921389,3.846114024749935,0.22432468629971636,1
71,176.97926779935275,0.024579111210644253,39.9782028919778,-0.5932191375695776,0.3845971932570353,3.011922846860922,0.0239894713270129,0.351928411850727,0.7307040148357511,10044.904103271141,8.682579100336297e-05,2771.532336212348,2.935653449809064,0.351928411850727,0.32509130976205775,0.6596830072311965,9741.457625993233,6.759513474808596e-05,6643.956182852306,3.2418208374182313,0.32509130976205775,0.336012979314955,0.672760850920909,9463.460308915683,6.794281137507505e-05,6670.958710764672,3.222462608453318,0.336012979314955,0.3209759523926706,0.6350589351042519,9977.570429700316,5.4601583663460487e-05,8045.478196755816,3.2729563231764556,0.3209759523926706,2
72,154.43355582524273,0.024611683675003763,40.00468386285686,2.6311097522729945,0.24705856073459664,3.9750647521734606,0.024020498757859388,0.19834870483987038,0.6033557499282678,11340.179499983773,7.321104204646661e-05,3998.6062776490194,4.133283826865802,0.19834870483987038,0.17565318714481645,0.5270666975752647,11105.292450369132,5.44231665566487e-05,8784.437750157967,4.438885002109862,0.17565318714481645,0.1803785114313205,0.5322538237827453,10877.018031334326,5.331389394010375e-05,9102.686538866621,4.452474002083624,0.1803785114313205,0.1671945724349367,0.48852881358115907,9977.570429700316,5.4601583663460487e-05,10563.213187276142,4.520774816319287,0.1671945724349367,3
73,140.4618729773463,0.0226371478003319,38.36639852418496,5.417688987173812,0.23611552952943446,4.0098356368064785,0.022136050747837532,0.19482767136553347,0.6129315402357063,12004.341449550775,6.943677813272094e-05,4125.733305245401,4.079399609959846,0.19482767136553347,0.16426138375998614,0.5144785743486879,11811.940996972635,5.237013020922468e-05,9010.448283126143,4.453879614701404,0.16426138375998614,0.17033345020852625,0.5270321559313869,11614.480089727937,5.3175910878038406e-05,8838.198862439403,4.4353627028603295,0.17033345020852625,0.16144117986284565,0.4997766525768621,9977.570429700316,5.4601583663460487e-05,9211.649462818597,4.467676882454963,0.16144117986284565,4
74,155.1553398058252,0.02489713944424918,40.23600989614034,2.2319533928516493,0.1943828729668732,4.4608884378542575,0.024292329918834232,0.1387820737978751,0.5309088300761436,10961.095094175223,7.61454266753283e-05,3776.204971560964,4.744935560804775,0.1387820737978751,0.12083211646893298,0.47304834062744405,10724.01316614375,6.529737450583933e-05,6424.034969454363,4.993056841872723,0.12083211646893298,0.12145288927504977,0.46420996886901134,10494.14690599443,5.908798265020491e-05,7917.7798609647825,5.078965392876021,0.12145288927504977,0.10561123411284777,0.40257935046880766,9977.570429700316,5.4601583663460487e-05,10623.31978091421,5.201866368063763,0.10561123411284777,5
75,151.55997168284787,0.019906729623807583,35.97825862639947,2.4559779422581482,0.12274947044438178,5.262136519928754,0.019518186365090617,0.07472440878141033,0.40889329847913014,9934.427642025545,7.367877127038075e-05,5427.160733094524,5.850934166448823,0.07472440878141033,0.05846611670386863,0.32655661599205327,9708.278896367226,4.9083212853721185e-05,10164.941226037403,6.118773457136151,0.05846611670386863,0.07100975685240762,0.39043546868732115,9486.341954343336,7.099625958706998e-05,6116.439435432834,5.931240517001121,0.07100975685240762,0.07502870439077124,0.40242061736548584,9977.570429700316,5.4601583663460487e-05,4098.385717295083,5.7815888957904695,0.07502870439077124,1
76,157.2047936893204,0.02615834108548879,41.24252816067304,1.9009867535989595,0.24581256676721044,4.04038667148187,0.02549152507771668,0.20726860009685735,0.596626851853337,11061.701313079697,7.548270997576395e-05,3805.308405308603,4.180223524511552,0.20726860009685735,0.18885285791800194,0.5417363284439614,10818.38718508766,6.11922767343031e-05,7308.592584790369,4.414003096714963,0.18885285791800194,0.19400764417907074,0.5499649088280731,10584.001006179144,6.228304622196708e-05,7136.831472508931,4.423283769550601,0.19400764417907074,0.18346575613775679,0.5108524215732652,9977.570429700316,5.4601583663460487e-05,8569.537181377687,4.4930279887739415,0.18346575613775679,2
77,149.3071399676375,0.023131841628081243,38.783346965753005,3.5144309961143945,0.21830463979744685,4.217506580651275,0.022608857125658632,0.1755846906779873,0.5777204631371452,11467.34150005228,7.164385395140504e-05,4229.4244786180525,4.3901165220830585,0.1755846906779873,0.14895549655633913,0.47266330277569274,11248.043407555677,4.781094289126662e-05,10397.730777332981,4.753762752201821,0.14895549655633913,0.16072699269801388,0.518991324172086,11031.074919036751,5.818489962952278e-05,7840.132083421057,4.639350678761527,0.16072699269801388,0.1616731181743996,0.5304851440911643,9977.570429700316,5.4601583663460487e-05,5808.935327575262,4.54259235189224,0.1616731181743996,3
78,140.96966019417476,0.021450180322347943,37.34699419579405,5.659218048852251,0.2565333474395422,3.7891857372544626,0.020999732278258243,0.22757723670031255,0.6623979907376254,12192.901944168012,7.414474524977052e-05,2497.3793975142194,3.7091765272101944,0.22757723670031255,0.19223092970274336,0.5546554934175427,11998.957357565663,6.308376604320721e-05,5832.802401516726,4.129908971988936,0.19223092970274336,0.19959120456550752,0.5777451031295491,11800.376563220496,6.54445315206277e-05,5268.302506846405,4.070251968451751,0.19959120456550752,0.1938774853600168,0.5598477898726519,9977.570429700316,5.4601583663460487e-05,5629.853802401481,4.097247978756886,0.1938774853600168,4
79,123.3385922330097,0.020260012908045598,36.296106393739606,7.335872264844723,0.1407401038884693,5.099644753784668,0.019857695736108072,0.08573159352159491,0.4455577056234915,11188.238840412321,7.235098778790488e-05,4360.21150200123,5.515591255759044,0.08573159352159491,0.04369670749665415,0.2980969609710261,11047.908702974306,3.448849151527198e-05,13673.417948177728,6.097728008221816,0.04369670749665415,0.051691578715530505,0.33880039451910016,10888.211923275663,4.797447844164623e-05,10397.067832315082,6.013259863710767,0.051691578715530505,0.053574821062687,0.33581749285053963,9977.570429700316,5.4601583663460487e-05,8994.193385295923,5.947446383406011,0.053574821062687,5
80,133.95428802588998,0.02286413517564187,38.558272650575425,4.863362282184302,0.12281554216283892,5.332360724640349,0.02235305197372639,0.05925345995912095,0.36114577545660453,10537.44852174337,5.8193294423018236e-05,8192.993258900296,6.087687257837912,0.05925345995912095,0.06472785202135914,0.37768774927484156,10364.837033925112,6.785036115059529e-05,6153.767221402926,5.969320814049071,0.06472785202135914,0.054252973805059085,0.3419227668451833,10181.728123344592,5.593345681381096e-05,8743.971560985834,6.172222096082014,0.054252973805059085,0.039527010040691195,0.25032618327306816,9977.570429700316,5.4601583663460487e-05,16653.63218875078,6.342287243916423,0.039527010040691195,1
81,158.82807443365695,0.027548860849619588,42.324516261222804,1.1930263637510115,0.22318515103790304,4.370020471860811,0.026810268493549727,0.18613299124891497,0.5547696854871179,10303.335813702828,7.796961355360415e-05,4194.2658521171,4.556824025674019,0.18613299124891497,0.1725850912724838,0.5142626939947709,10055.08543890269,6.620817264403766e-05,6717.073309458563,4.731031867176389,0.1725850912724838,0.17391878648845935,0.5113466994312433,9817.119234531236,6.599969839268878e-05,6839.686328207261,4.777210216628077,0.17391878648845935,0.16389726745915564,0.4712716720480137,9977.570429700316,5.4601583663460487e-05,8839.804508110332,4.854709001970021,0.16389726745915564,2
82,122.55966828478964,0.0212549590800351,37.17665550018294,6.3223314448974035,0.10666695959143652,5.60349869990922,0.020812588365966778,0.05275570361225878,0.35008040125900597,10294.01318300702,6.315004501284117e-05,7251.5325468716355,6.295552755117182,0.05275570361225878,0.04225974614636753,0.30451996069197923,10156.051681349774,5.090682067473072e-05,9811.193595955292,6.443428705986055,0.04225974614636753,0.03691249524218988,0.282537055251719,9998.072760732455,4.213281756367122e-05,11597.468295765702,6.5381194152240525,0.03691249524218988,0.030953058552520757,0.23669833017284164,9977.570429700316,5.4601583663460487e-05,15996.360859490178,6.588534656758411,0.030953058552520757,3
83,120.56816343042067,0.01956952706879349,35.67223707098136,7.924612345876039,0.1576507817982106,4.902908390611833,0.019193911302012645,0.10708469584794983,0.4843646088008788,11112.861498013866,7.305341893862978e-05,4276.183273646484,5.203374898554999,0.10708469584794983,0.09620480758661171,0.4476347199808144,10980.955978672147,6.819529115855787e-05,5524.437118179848,5.351560666547877,0.09620480758661171,0.08200788860961107,0.4043974271687742,10827.36917452197,5.7754393994119824e-05,8081.392037075997,5.525499810754585,0.08200788860961107,0.07107834207397339,0.3474904247424161,9977.570429700316,5.4601583663460487e-05,10381.53149357485,5.65512468614792,0.07107834207397339,4
84,114.8304004854369,0.018613475561977857,34.78995901718785,7.494715581684385,0.1058893384220416,5.67161862866331,0.018273345099532046,0.03266782222373182,0.2749661759317942,10200.339762722602,4.877629815956226e-05,10251.04487044442,6.665181099763862,0.03266782222373182,0.045456203554368455,0.32027577211701586,10085.882250524064,6.904931343447427e-05,6132.53549610275,6.411187469863286,0.045456203554368455,0.025708186235301682,0.24761423719671594,9944.949657615356,4.201773201787993e-05,11600.321255529723,6.747513517605965,0.025708186235301682,0.014105523788511296,0.1576548286534582,9977.570429700316,5.4601583663460487e-05,20909.564777754425,6.860798853687721,0.014105523788511296,5
85,136.00070792880257,0.023351763877577557,38.96727404039806,4.971731451320923,0.14841810805291125,4.996976053627982,0.02281890226005523,0.0896085334837657,0.43015348610896864,11065.024396158227,6.0717126282149026e-05,7326.093322098094,5.5593551305277416,0.0896085334837657,0.06605076353701743,0.3239900782477745,10886.189934434144,2.6698409034785024e-05,15442.99473351585,5.839370529338518,0.06605076353701743,0.08128092076292195,0.40010279052525366,10698.567796313991,5.5259068012843926e-05,8715.935116915896,5.67933178624798,0.08128092076292195,0.09376216633267417,0.44128097650756837,9977.570429700316,5.4601583663460487e-05,4789.489361702077,5.426547764841891,0.09376216633267417,1
86,151.30946601941747,0.027500326786825482,42.28721732761955,1.9752181765802446,0.16037222065122925,4.949173272824538,0.02676429979620909,0.11593596150600483,0.4694012788594389,10284.594838361872,7.471028061277365e-05,4881.4465978512435,5.3402124044754355,0.11593596150600483,0.09686321240042217,0.3953319232488878,10059.207857288042,5.182676869468362e-05,9629.720665683519,5.624862198205667,0.09686321240042217,0.09941018484549395,0.4057989992568833,9837.82338695262,5.4347576066412386e-05,9141.994522856492,5.632493785603015,0.09941018484549395,0.09278231405694504,0.37926200862165926,9977.570429700316,5.4601583663460487e-05,10893.478407415141,5.659243839249655,0.09278231405694504,2
87,136.55410598705498,0.0237289305166424,39.280704001388166,4.456813706524565,0.12103060343811875,5.363273990703483,0.023178919545301047,0.0597830594635857,0.36538308100118333,10559.363853952993,6.095147181414253e-05,7580.388245207433,6.091049492000151,0.0597830594635857,0.036858044212196135,0.25325845559198046,10378.84655984877,1.7594970053324896e-05,16965.14830419206,6.410999909374534,0.036858044212196135,0.047356153980411,0.31330418116075875,10190.003943295233,4.585247070453943e-05,10872.05919528118,6.302356354684777,0.047356153980411,0.058239725563256954,0.3475725108433169,9977.570429700316,5.4601583663460487e-05,7876.146197598406,6.0894069920659515,0.058239725563256954,3
88,117.82180420711973,0.019476826852948093,35.58764766197606,7.684652253731521,0.1256514916907548,5.344614416494091,0.01910472738558633,0.0653620267924794,0.38728272221180937,10686.554435431402,6.642251088805686e-05,6263.003370549761,5.924481676280401,0.0653620267924794,0.04912279479430276,0.32030929470039793,10563.00034081816,4.184876163127799e-05,11785.19801980192,6.178004827492207,0.04912279479430276,0.048481763719894086,0.32513929694426463,10415.470428542056,4.180471496132396e-05,11779.536760058905,6.186652023186838,0.048481763719894086,0.040042342221482556,0.2782570934979056,9977.570429700316,5.4601583663460487e-05,13964.010111649377,6.280728738777551,0.040042342221482556,4
89,133.29055420711973,0.02574114487195314,40.91232021407186,4.415730510511161,0.10215041556042587,5.623986840376087,0.02509516655409827,0.037112326528313824,0.2945464916568301,10332.44815728312,5.281645207097872e-05,9404.822624815588,6.56047649001519,0.037112326528313824,0.020988564440532015,0.1863768519415983,10161.855022701506,-4.904935975082882e-06,21330.22561617873,6.740112120812642,0.020988564440532015,0.028610643583217993,0.2511335980483254,9980.209927902799,3.787731376193996e-05,12459.925847903833,6.718548254203629,0.028610643583217993,0.04586547382669279,0.32236019373258884,9977.570429700316,5.4601583663460487e-05,6176.993048240902,6.3427234623580535,0.04586547382669279,5
90,172.78296925566343,0.029346442688642862,43.68354880076711,-1.0392078648064746,0.24671535600014655,4.14820906993327,0.028509782004968454,0.20619575504740298,0.5804772705932209,9600.265031180166,8.777149029595288e-05,3202.502211923309,4.317054684258946,0.20619575504740298,0.1683076899454517,0.5002259596585524,9309.579110179668,6.225083776090723e-05,7824.49104697699,4.718062566236186,0.1683076899454517,0.17391086512834966,0.5138454603062975,9040.836418765984,6.616250598935708e-05,7209.725721508276,4.706736985092484,0.17391086512834966,0.16346840457905254,0.47360803806611373,9977.570429700316,5.4601583663460487e-05,9006.06214451225,4.776055658195759,0.16346840457905254,1
91,168.6822411003236,0.02508517422029935,40.38766462269099,0.0007879188303483535,0.21375285069804478,4.320212467646023,0.02447130721540247,0.17757046693289166,0.5680896212356207,9976.373238024436,8.665722490520009e-05,2889.007162418371,4.506239419442405,0.17757046693289166,0.1478571788979058,0.4685927191659064,9698.157252577645,5.011027361113572e-05,9971.012850221134,4.9352922840713545,0.1478571788979058,0.15484834500598715,0.4961895371686829,9438.458413414113,5.832549241578282e-05,8458.574468085042,4.894563276623788,0.15484834500598715,0.14834859167758477,0.47178142554300617,9977.570429700316,5.4601583663460487e-05,8790.943121971706,4.915740641236582,0.14834859167758477,2
92,147.54672330097088,0.026926805855855093,41.84394282063985,2.7444641949802753,0.13668023202914734,5.090041984503476,0.02622076442284904,0.08066316561779922,0.4154879568550144,10810.998939735991,6.480726110373499e-05,6557.342742784868,5.721963504297858,0.08066316561779922,0.060293155115009586,0.33546642012892647,10597.054111720654,3.990790663955573e-05,12232.138824520684,5.986960912950002,0.060293155115009586,0.060891672671293036,0.3501139538754147,10383.968091785138,4.8734819653334786e-05,10257.616599957795,6.015641956874153,0.060891672671293036,0.05601670790137798,0.3198952835316045,9977.570429700316,5.4601583663460487e-05,12481.38761322931,6.026135415079627,0.05601670790137798,3
93,168.37702265372167,0.02584903728243741,40.99797128261949,0.2035926005877235,0.28859936384594853,3.7277087747900004,0.025197700970616244,0.2602486756795023,0.6516583361352349,10379.108537411175,8.442012110471792e-05,2761.0798398988804,3.7244216870729474,0.2602486756795023,0.22775250511349376,0.5505721047585641,10101.820693068898,5.1094618407449376e-05,9774.943332631094,4.151241693459642,0.22775250511349376,0.24087087654930872,0.5914970264044356,9842.794990585056,6.483662684762307e-05,7046.608173583279,4.0491656092293065,0.24087087654930872,0.23492599563619496,0.579340946725703,9977.570429700316,5.4601583663460487e-05,6182.708658099815,4.031606149258215,0.23492599563619496,4
94,162.52892394822007,0.0324034989629522,45.90247836518162,-0.2904951108360127,0.1619361157259036,4.993497168963155,0.03138646759285635,0.10709556830300214,0.4362738269694274,9579.144113237891,7.120036423379747e-05,6180.114598693878,5.521817507108065,0.10709556830300214,0.09927667553518894,0.4018413745853506,9319.639796895346,6.692290305584608e-05,7009.394564988364,5.632053727371578,0.09927667553518894,0.090407636741426,0.3894858098166057,9073.51164300153,5.740373227882531e-05,8686.190014746096,5.754169481292552,0.090407636741426,0.0672261203055345,0.3119570973616473,9977.570429700316,5.4601583663460487e-05,13767.336844322657,5.94499451034128,0.0672261203055345,5
95,148.99130258899675,0.025321622934963272,40.57756191968644,2.7143895352216534,0.15815830669190747,4.875573040764045,0.024696273216671893,0.11304692831177891,0.4828250655191242,10785.77104855152,7.598502389958543e-05,4028.208763429492,5.22798293738157,0.1130469283117789,0.0720455246112674,0.35055546802029247,10567.433388350983,3.662422502391994e-05,12957.054771434505,5.7818292074391735,0.0720455246112674,0.08155299840343422,0.3895282188528972,10351.161455780024,5.1741802370210656e-05,9600.657467874378,5.69209980224022,0.08155299840343422,0.08507858055794555,0.3903761757418248,9977.570429700316,5.4601583663460487e-05,8644.629028860278,5.62058541116618,0.08507858055794555,1
96,173.57898462783174,0.026381846388964632,41.418348125467595,-0.7413108926920202,0.23251805742110987,4.211383093837911,0.025703734415979618,0.19325160915662962,0.5820994929456142,9547.998789574054,9.197677320570564e-05,2526.8839266905397,4.355249689177589,0.19325160915662962,0.15959217465476377,0.47378460063667394,9254.892259351293,5.061075436102255e-05,9841.860543501123,4.8343102359475125,0.15959217465476377,0.1687488231676848,0.5009324896670756,8984.39401498637,5.763246783764583e-05,8656.201179692393,4.786705972309471,0.1687488231676848,0.1585627750481511,0.46960370904451304,9977.570429700316,5.4601583663460487e-05,9427.001263956123,4.824808565055621,0.1585627750481511,2
97,171.84152508090617,0.025769891507472376,40.93515842492113,-0.6769531378508256,0.1601050699877462,4.831092179404246,0.025122487724416387,0.10909987210886307,0.46650158721920876,9193.17030667956,9.07215484688756e-05,3226.811249210011,5.290093697264776,0.10909987210886307,0.06878855866259835,0.33998128974651687,8905.34723045732,4.067229304252445e-05,11367.386138613801,5.827010897290888,0.06878855866259835,0.07687489163601645,0.37160701863152806,8638.680824448495,5.088991393651267e-05,9719.554244786112,5.774504938598332,0.07687489163601645,0.07267122330518351,0.34590703052346744,9977.570429700316,5.4601583663460487e-05,9899.57467874441,5.772671288260871,0.07267122330518351,3
98,151.5391383495146,0.02459780191066043,39.99340032106166,2.4867106294123653,0.15970804646343267,4.838585550974349,0.024007275698611497,0.12104634821083007,0.5062453617885586,10737.16119063631,8.058590716836502e-05,3052.450389719803,5.088677814273452,0.12104634821083007,0.08484919394502857,0.37788554007642106,10511.07579722062,4.216291204123574e-05,11706.894459658646,5.644189286347312,0.08484919394502857,0.08976190166605595,0.3989544291660353,10289.184801570398,4.59763939827395e-05,10858.236991784213,5.616184028175455,0.08976190166605595,0.0822629697183498,0.3635472973141392,9977.570429700316,5.4601583663460487e-05,12267.639983147172,5.668785720109539,0.0822629697183498,4
99,147.1690938511327,0.027161135047449818,42.0256208337298,2.7447501655077815,0.15168792171348244,4.992617468409365,0.026442915449867765,0.09508263709311407,0.43220428385167853,10645.019841298552,6.531976383739632e-05,6568.302928165097,5.553662734936536,0.09508263709311407,0.05787698496082176,0.3137613482518616,10432.223349560183,2.7611084326154936e-05,14857.268801348138,5.986883871445177,0.05787698496082176,0.074977315399136,0.3770279357448279,10219.970163409444,5.166690604332289e-05,9636.893195702509,5.81540421139857,0.074977315399136,0.07891764843086592,0.37111614028995416,9977.570429700316,5.4601583663460487e-05,9051.987992416209,5.7462453193366505,0.07891764843086592,5
