Mean,Variance,Median,Mode,Skewness,Kurtosis,Energy,EntropyFOS,MinimalGrayLevel,MaximalGrayLevel,CoefficientOfVariation,10Percentile,25Percentile,75Percentile,90Percentile,HistogramWidth,ASM,Contrast,Correlation,SumOfSquaresVariance,InverseDifferenceMoment,SumAverage,SumVariance,SumEntropy,EntropyGLCM,DifferenceVariance,DifferenceEntropy,Information1,Information2,MaximalCorrelationCoefficient,Target
152.4461196776445,10519.917129223493,185.0,255.0,-0.4485587890082662,1.5411122636248857,0.11214508740325159,3.886009395601332,0.0,255.0,0.08922149371526467,0.0,33.0,255.0,255.0,255.0,0.07416566427254923,8193.44301251206,0.3755996482097824,6542.981384612136,0.30251094941363904,378.96130967829924,17978.482525936488,7.026904054671098,9.52156881300429,0.00032454393898778526,6.212765465626554,-0.33484046843214466,0.9889784735689227,2.0938005789304546,1
164.63227362142268,10867.792040778833,220.0,255.0,-0.6329005107643608,1.6740244676851024,0.18574057417882095,3.34760385230448,0.0,255.0,0.09009410274135501,0.0,49.0,255.0,255.0,255.0,0.1957295929100239,6478.2334970280435,0.476624297505869,6177.857900892184,0.468061914305397,405.1110137374378,18233.198106540738,5.7036220217070746,7.471341449096034,0.0008125253147108104,5.052027100663413,-0.39334584201326284,0.9869127503718786,2.2206497937369853,2
127.57022653721683,10963.166830704644,133.0,0.0,-0.03091684159298155,1.3323013121107565,0.10320443880892163,3.9482119459100664,0.0,255.0,0.09040167841440913,0.0,3.0,249.0,255.0,255.0,0.05038169417819979,10280.688287126122,0.33642413543717037,7735.143976036872,0.2529950648065606,345.6180169926066,20659.887617021366,7.440459186433959,10.069339522955548,0.0002279878473509934,6.597364286080219,-0.34232262983456563,0.9920204329535938,2.247461004388478,3
133.59294371470273,10393.465348452399,151.0,255.0,-0.1429796745099615,1.3953728938009926,0.08736845257485665,4.130405653197777,0.0,255.0,0.09198244597174869,0.0,12.0,246.0,255.0,255.0,0.04671236997674649,9091.218805961451,0.3758155673103213,7265.671524040053,0.24489527922981874,344.5039044398836,19971.467290198776,7.523536558397679,10.39189111221936,0.00021343347826261618,6.60090309033539,-0.34863065966171586,0.9936476980756173,2.251734461329272,4
154.19953042705754,10379.337584801808,189.0,255.0,-0.4821522016018841,1.5806645226848572,0.1072021838750094,3.9391342664055387,0.0,255.0,0.08915544066050667,0.0,38.0,255.0,255.0,255.0,0.06331248145022866,8980.976901048964,0.3269888919291712,6612.5493080372635,0.27999939972482774,376.6303945506246,17469.220331100114,7.1822558500281195,9.766996214232416,0.00027922306659115397,6.373085238085759,-0.3202110086166524,0.9872561280691619,2.0584896138584874,5
141.93296528967574,11232.943570190488,162.0,255.0,-0.2594881892403409,1.3625660977731584,0.11861906723625722,3.798729436965378,0.0,255.0,0.0896755875943338,0.0,9.0,255.0,255.0,255.0,0.08149166134023532,8303.918629085169,0.4184715337629511,7087.203736608144,0.3156385087467309,372.3985714658768,20044.89631734742,6.96577946482637,9.337389083373315,0.00035758797478841175,6.123961514032584,-0.3527885044060394,0.9903780266642059,2.1804574531445007,1
133.8057490957548,12692.2656532699,155.0,255.0,-0.10673150315789508,1.2066134868827174,0.1882006044621255,3.1412654396409154,0.0,255.0,0.09304457904181133,0.0,0.0,255.0,255.0,255.0,0.21941852191162048,6049.438538491027,0.5602081584131512,6861.10890068062,0.4973312234837757,397.78386633408024,21394.99706423146,5.470457144677832,6.985940114729507,0.0009221212806749473,4.77946847960499,-0.44119969736329245,0.9902456655359635,2.6573635519900316,2
116.34372739387017,11146.208365055769,105.0,0.0,0.14818961749930748,1.3353784482133009,0.12095768759081027,3.789576150827629,0.0,255.0,0.08807480210144515,0.0,0.0,240.0,255.0,255.0,0.054660613892612786,9690.826234329299,0.3895708340442354,7905.6906463275445,0.26364837665060215,342.51927801099976,21931.936350980915,7.3672133691452775,9.836571708347325,0.00025050995615062867,6.4892032319117785,-0.361480169572292,0.9931915379732417,2.482031046178738,3
105.25713560505108,12087.879283401258,58.0,0.0,0.3499113818255035,1.3546097498610774,0.199267339032421,3.0946319360912593,0.0,255.0,0.07235398400389724,0.0,0.0,253.0,255.0,255.0,0.18381201226667088,5795.952586127888,0.6146533117349404,7509.530103366769,0.45832278879245203,373.8181123352442,24242.167827339174,5.793162906102646,7.41710823412165,0.0007853092500009916,5.027948946778717,-0.48154710405851764,0.9953775494457255,2.765815111629488,4
138.54686211054002,12084.425442082193,160.0,255.0,-0.19901638963139326,1.269373830876815,0.1472789849258786,3.4955644684556053,0.0,255.0,0.09129842746334729,0.0,1.0,255.0,255.0,255.0,0.1100471750464007,10314.186072716315,0.3005463162530584,7268.517792385135,0.36000897623773226,382.9591024145114,18759.885096824226,6.545622934923111,8.536401941264906,0.00047303604794115216,5.889722413107856,-0.3424168729352595,0.9841966739326103,2.195095937289303,5
125.60157370391524,11964.532117492003,124.0,0.0,0.010114322404003237,1.252181302763149,0.14363580055849573,3.5342464092811046,0.0,255.0,0.08865755736397217,0.0,0.0,255.0,255.0,255.0,0.09714349255844526,7733.713626625781,0.4829174973963565,7471.30182148082,0.3445090068295324,366.8734369732964,22151.493659297514,6.776319484487345,8.941459663115614,0.00042938671607581976,5.87692996401559,-0.3801999719000001,0.9924087141306693,2.566054758084044,1
148.60343930452441,12571.146864134105,195.5,255.0,-0.33680513067914686,1.3019783619075098,0.21347469219778029,2.9996313589624277,0.0,255.0,0.0940902277871025,0.0,3.0,255.0,255.0,255.0,0.24302930117160562,6246.091511041542,0.5305646719337155,6646.215044935054,0.5192432729469169,406.82331696457265,20338.76866869867,5.2478138910006455,6.616490796787741,0.001008381654693352,4.640255079380997,-0.39961933649873754,0.9813173254237031,2.742732641531636,2
121.72721619392094,11251.302150771362,116.0,0.0,0.05069778922945525,1.2954773854661685,0.10372720864477827,3.946630756970151,0.0,255.0,0.0884792238829403,0.0,0.0,242.0,255.0,255.0,0.028879317466601682,9552.067741490206,0.37890242730165974,7679.481973168952,0.2033760100254282,344.94841627824394,21165.86015118564,7.818770181637495,10.596177646447067,0.00014458043991716238,6.801498681035394,-0.32925620406840894,0.9921836141236733,2.519088231848704,3
143.8640522875817,11352.825676504235,164.0,255.0,-0.2776402675041714,1.3602302654312275,0.12050763176729973,3.762716898900304,0.0,255.0,0.08901631972152593,0.0,11.0,255.0,255.0,255.0,0.06822163246774848,8920.935065314992,0.38041619976919666,7183.97600499086,0.2924443297673154,371.9109971454502,19814.968954648444,7.1280903731310215,9.508377780958652,0.00030259910720110847,6.287274981721958,-0.3221889924305855,0.9867084760634958,2.360545253871893,4
140.04980011422043,11348.498484124244,160.0,255.0,-0.21516434311683996,1.3288010746974275,0.11166388021238795,3.847827221787212,0.0,255.0,0.09031866257829202,0.0,9.0,255.0,255.0,255.0,0.04932567797718395,10954.92443439009,0.2916038783203262,7670.1860908959225,0.24994197227150167,361.2216053495198,19725.819929193593,7.418321321118695,9.860110581105566,0.00022477453870799126,6.587998213271446,-0.3014265613112604,0.9837117148942699,2.0202335359797585,5
115.2418300653595,11913.709307211366,104.0,0.0,0.16572875992237734,1.2782830979981028,0.15797219171741242,3.439140992275388,0.0,255.0,0.08849251197591831,0.0,0.0,250.0,255.0,255.0,0.09091191230859047,8733.674799233671,0.4270438014326525,7584.307245983097,0.33604515536140445,365.7788162853397,21603.554184698725,6.808864294363523,8.883042271428138,0.0004057344773916174,5.991612872721705,-0.3817273558633562,0.9922594980939474,2.4132725571699636,1
142.85992766038453,12779.913361651217,175.0,255.0,-0.24737545531205862,1.2434433009727859,0.20627384025439882,3.0170389571376837,0.0,255.0,0.09259949078772581,0.0,0.0,255.0,255.0,255.0,0.23596956116384082,7122.767603553642,0.4782930451082036,6819.160360038901,0.5110084459166426,403.6893316077976,20153.87383660193,5.308359159979607,6.7152424393110195,0.0009809545551377704,4.728077973498633,-0.4063602793932666,0.9835285630889924,2.6472537425661926,2
85.54390507011867,10343.750042592234,20.0,0.0,0.6796036593251223,1.78257875143657,0.1977469832511678,3.304367300525265,0.0,255.0,0.052278837999432656,0.0,0.0,178.0,255.0,255.0,0.06221197639084479,9068.472260737857,0.45505729352969826,8305.152190522986,0.28269634882890593,332.8389995432931,24152.136501354104,7.171586151154221,9.323047512526056,0.0002956448222089271,6.273344571447496,-0.4139122479069093,0.9960480091278502,2.664869669462394,3
110.60620597753666,11937.106255482038,82.0,0.0,0.25070493992435383,1.3041931919411074,0.16424231667259534,3.393803079945005,0.0,255.0,0.08187049775467845,0.0,0.0,246.0,255.0,255.0,0.10850564368172301,8436.134706185454,0.4679356124224861,7906.8750977155305,0.3609197042590606,362.86508949739994,23191.36568467666,6.589340429309274,8.559534684006815,0.00047735288322322324,5.791488590704626,-0.4122578095103296,0.994000881204589,2.86422411888438,4
135.7482073735643,10980.849208174106,156.0,255.0,-0.16083985393911707,1.3449922481580727,0.09974072012837598,3.9807929611606285,0.0,255.0,0.09200855199822777,0.0,8.0,253.0,255.0,255.0,0.05102517747521693,10201.050937403275,0.3402151909388218,7640.67062113437,0.2542762045446864,353.0134537412255,20361.63154713419,7.43155211740128,10.04765537610859,0.00023141322153612717,6.5625155762350085,-0.3307127554994878,0.9901895151243445,2.440496134800186,5
144.1684370835713,11896.112631799257,176.0,255.0,-0.2911676431732447,1.3208306793902367,0.1417919529803251,3.549892999268129,0.0,255.0,0.09202082945333798,0.0,5.0,255.0,255.0,255.0,0.10421093851750099,9085.98786044128,0.3607635489316092,7108.600700206736,0.35472138381032803,385.17006867077487,19348.414940385643,6.605777010451472,8.68473767190366,0.00045081984312499255,5.901688784685621,-0.3412294068664815,0.985728611573552,2.3347346729581098,1
150.7751507075322,12381.151716238182,202.0,255.0,-0.36361964433808114,1.323883386837956,0.21047574944417996,3.0643026392901693,0.0,255.0,0.09426401059363611,0.0,8.0,255.0,255.0,255.0,0.2660662752763333,6706.798114091697,0.5464384506057625,7390.598302794879,0.5405260526766957,398.08436410740984,22855.595097087833,5.0889004296412725,6.479884612415855,0.00109760454893195,4.509292611713059,-0.43243300435229204,0.9857917383441037,3.136504172746668,2
137.7931086997906,12574.617830659514,160.0,255.0,-0.171554428065575,1.2282831388669053,0.17909764301857461,3.22349683672047,0.0,255.0,0.09179784649631569,0.0,0.0,255.0,255.0,255.0,0.19506546490302554,7926.425494795609,0.4541102006654714,7266.27494151497,0.46828774709742277,392.90013910213287,21138.67427126433,5.676707183105124,7.2939035404533,0.0008195466360577941,5.053589267086261,-0.40441766159579245,0.9872893303880328,2.6175859709175158,3
159.37884383526873,12017.98461113159,229.0,255.0,-0.5178659398412923,1.4659901342153374,0.23543595262129388,2.93707001627631,0.0,255.0,0.09494827284644194,0.0,17.0,255.0,255.0,255.0,0.32744055785736575,6241.25761416679,0.5162073291573456,6404.987907199775,0.5935390049541038,414.312868798156,19378.69401463231,4.542719486176467,5.789655558547765,0.0013346622974004635,4.076739476027123,-0.4837033235218259,0.9873324800213128,2.7210552464883375,4
158.4554349895298,10867.608031565214,206.0,255.0,-0.5120382854654421,1.5494613263772425,0.14212861865132462,3.6686872525259413,0.0,255.0,0.09057878068591148,0.0,40.0,255.0,255.0,255.0,0.10332315302414499,9501.796843051468,0.3448854912598086,7161.109362987418,0.3466046982064411,382.46514673250243,19142.640608898226,6.678399950418263,8.849942206943197,0.0004386646747618714,5.980346057218948,-0.3246954900460812,0.982820348752039,2.25644595744565,5
156.1432070562853,11689.981505102001,210.0,255.0,-0.48262895381325066,1.4637236156966447,0.1799353694653229,3.301068714638456,0.0,255.0,0.09280824327481438,0.0,16.0,255.0,255.0,255.0,0.1954063119843124,6915.981421913858,0.4684109807339488,6471.326009284987,0.47064248966975575,404.17017414177155,18969.322615226098,5.67103307908669,7.367049763853349,0.0008150799121648795,5.028322890145307,-0.39526426648354834,0.9864179587319821,2.7375838896476026,1
173.12469065296023,11024.301121835939,254.0,255.0,-0.7607087715813982,1.8044137067152715,0.2681151182731971,2.8596439254822146,0.0,255.0,0.09205721835747128,0.0,63.75,255.0,255.0,255.0,0.3243786892948043,6286.1936955613455,0.5094604312621664,6370.857201062063,0.5910996155573071,415.8764375410245,19197.23510868691,4.594071888018399,5.8631698037720295,0.0013209905433171887,4.114676043153334,-0.4485789260200001,0.9828584472421198,2.7198372810863667,2
164.8337077225712,11543.801926436621,235.0,255.0,-0.622591524964148,1.608948170865531,0.24365374930156444,2.914378173862308,0.0,255.0,0.09300106106062399,0.0,32.0,255.0,255.0,255.0,0.3331352085388722,5322.377623767928,0.5372044759123239,5718.471158648705,0.5992909355413808,422.040461530529,17551.507010826892,4.515537683109066,5.760110340204686,0.0013641714725622714,3.9980183985703106,-0.4777074709240742,0.9861809313480919,2.4653760278731327,3
134.12394187448442,12306.38403712031,155.0,255.0,-0.11609398229179217,1.2326430060912532,0.15890186726965105,3.3924744648499257,0.0,255.0,0.09282384206720953,0.0,1.0,255.0,255.0,255.0,0.18546794982494694,7706.597230223855,0.4995722925949005,7680.9116510841795,0.4587534471091989,380.7914572401951,23017.049374112867,5.8099539328146745,7.586359932114154,0.0007828348162803142,5.136634171225393,-0.44309490984479394,0.9932322262302425,3.2109634663387374,4
163.60682784440638,11257.45819542951,229.0,255.0,-0.5966913209985006,1.5940843775070883,0.1871419321491124,3.313008200016465,0.0,255.0,0.09249458686903413,0.0,37.0,255.0,255.0,255.0,0.1829605512969044,8268.083546151194,0.4011100300002628,6810.569038019974,0.4542068406228672,400.5312484497614,18974.19260592867,5.799892028027722,7.575033724101386,0.0007614850783401005,5.185739330864091,-0.36521950850878665,0.9825509544128184,2.595529623126587,5
160.8051272288851,8640.200190519912,168.0,255.0,-0.3604540544409299,1.5957231988279226,0.13657518130918284,3.89184876782454,0.0,255.0,0.08060365748392304,26.0,77.0,255.0,255.0,229.0,0.1221163094123405,4365.223901086591,0.6897899470431762,7032.791846659521,0.3887487371131243,347.8938241340637,23765.943485551466,6.535508705031119,9.07514882901784,0.0005362814817864326,5.374760517470774,-0.39054650507895944,0.9937836238502469,3.196340306752826,1
135.9602005203376,9397.819184105847,139.0,255.0,-0.051706765495112196,1.3724860510731673,0.04516220507622995,4.590797690885307,0.0,255.0,0.0867152745982308,16.0,30.0,243.0,255.0,239.0,0.0203667866117301,6745.918085389914,0.6049768384570091,8535.61926217693,0.20119860890554922,293.33349442876954,27396.558963317817,8.025518660525258,11.390199562012784,0.0001317614747622601,6.536207254861311,-0.3113619184617267,0.9923512240929754,4.267127427492279,2
143.576318294308,10073.411853480506,158.0,255.0,-0.14116400012124486,1.3241298990057222,0.08685636202972742,4.181300444777192,0.0,255.0,0.08754789953737696,17.0,32.0,255.0,255.0,238.0,0.04992895243699321,7219.3204861939075,0.6025284812461505,9077.914634610974,0.2735655523442188,310.47509775113485,29092.33805224999,7.468866998080997,10.274444608243684,0.000250359666044923,6.234595129219461,-0.3137671599865537,0.988290454006917,3.991147220271257,3
126.25034583412653,9303.956329379485,107.0,255.0,0.1384926966244125,1.3981838230228014,0.045985025872020954,4.551540425537603,0.0,255.0,0.08193308592104077,17.0,27.0,234.0,255.0,238.0,0.023377281342587708,6072.878924138936,0.6497826639982999,8666.550586314766,0.21983518912899774,272.5651505985635,28593.323421120134,7.917920210048254,11.20899487199359,0.00015700409458072463,6.354531922602953,-0.32169024911549465,0.9930552741628833,4.343359701200875,4
146.14825813820676,9196.4441890436,160.0,255.0,-0.21399934130750614,1.4409151253290517,0.05992362375953903,4.479655769423505,0.0,255.0,0.08654985561792836,18.0,42.0,251.0,255.0,237.0,0.028864058079496602,7964.992070500364,0.5053665084351913,8049.089699492531,0.21626407461854374,315.95906777647576,24231.366727469744,7.872957536950359,11.110937069239782,0.0001576053778161621,6.531220113283965,-0.3079313635803288,0.9904560420745097,3.440866773003348,5
79.36127926898915,9802.511659001684,6.5,0.0,0.7738376954723079,1.9442231207357743,0.23347869427422155,3.196955051384028,0.0,255.0,0.03212536113682113,0.0,0.0,160.0,255.0,255.0,0.03764443511506135,7994.959467498873,0.4579568875628297,7362.776287148056,0.2366912368353998,329.5097185647787,21456.145681093378,7.531192011874039,9.983357984166195,0.0002028636014837187,6.424377470445697,-0.43835648380770537,0.9981342137103346,2.3703064125221904,1
153.07854559299446,9091.409335461292,160.0,255.0,-0.2667223026697203,1.4929510136471222,0.10709600945947685,4.114278429841545,0.0,255.0,0.08263150522938073,20.0,61.0,255.0,255.0,235.0,0.08619247325364954,5529.493298894615,0.6435178481984812,7751.941567043197,0.33629974525144113,330.94169638837457,25478.272969278154,7.003288646856206,9.770655263478526,0.0003946282873706669,5.770082612333699,-0.36950995048387636,0.9939678844075409,3.4224356727962038,2
115.4816422361825,11122.115352380304,105.0,0.0,0.14939246900972017,1.3246114713054595,0.1133417039908917,3.884275365628796,0.0,255.0,0.08873229170921024,0.0,0.0,234.25,255.0,255.0,0.02854680100575944,8284.856256414678,0.44885960399276303,7507.291318253136,0.20989796302694974,340.25690047727176,21744.309016597897,7.84688396501771,10.681107799564188,0.00015135911654824932,6.646560264522722,-0.34423587798723093,0.9939823073909653,2.611769496890467,3
146.09363538295577,8630.710177050087,155.0,255.0,-0.19587487206537688,1.5073025194005945,0.05320729824603113,4.585074586051396,0.0,255.0,0.08521863095099089,19.0,54.0,248.0,255.0,236.0,0.023249506165229576,5667.929921284596,0.6195376854502079,7444.550771204536,0.2063435249957193,315.78868979598246,24110.273163533537,8.01030774968834,11.319253884991047,0.00014384574190342794,6.406016448234727,-0.31879658031426994,0.9929460496267899,3.5508795991378266,4
74.01667618503713,9189.54904256258,6.0,0.0,0.8829206971193014,2.1626173943973552,0.22370163868219095,3.28180112772921,0.0,255.0,0.033093754935166295,0.0,0.0,152.0,253.0,253.0,0.02455289276657016,10918.233541573392,0.3444041954424424,8239.232528304885,0.18901128662664438,307.3979679026265,22038.696571646153,7.779593602994392,10.24310711288954,0.00013762314030390442,6.804832072556689,-0.41280856588738274,0.9975097309402565,2.9513183847630278,5
156.62272986864647,11016.329257692243,203.0,255.0,-0.4814555102725457,1.511791189224835,0.13592487847633875,3.6987702752632114,0.0,255.0,0.09096896000168112,0.0,31.0,255.0,255.0,255.0,0.09293516855287486,9648.913869508113,0.34568647992962,7351.005195084181,0.3315022924290588,378.85272192361333,19755.10691082856,6.817340740145416,9.054613511636795,0.00039765631465212323,6.089134855312366,-0.31562120990010484,0.9824274105170218,2.260558060826559,1
152.65760517799353,11548.367992327801,196.0,255.0,-0.40804159401219753,1.4214069304490995,0.16678023568247893,3.427775022292111,0.0,255.0,0.091708500101757,0.0,18.0,255.0,255.0,255.0,0.1497257556273145,7258.281125235305,0.4761284739964622,6914.976696995947,0.4133567396875858,390.83868646952544,20401.62566274852,6.177183243581506,8.034604809172588,0.0006308966005165043,5.468016835578094,-0.3644520864913887,0.9857512798490531,2.677026472052832,2
175.04562472238086,9813.419467428996,236.0,255.0,-0.8187373775388438,2.0002281367870416,0.16977021030583528,3.5234751814748257,0.0,255.0,0.08776164225813428,0.0,95.0,255.0,255.0,255.0,0.09639371584567576,8029.004117287339,0.3568762576238803,6222.1648746880255,0.34021275392967454,401.05930020329436,16859.65538146475,6.644414879812157,8.680613544791306,0.0004105012218841018,5.962030377629523,-0.28325887155844137,0.9707071020702223,2.021350663252399,3
149.44826448378706,10487.851488433877,176.0,255.0,-0.37615054998405767,1.486493869402938,0.09858411995637639,4.029424472074089,0.0,255.0,0.08876984424841428,0.0,34.0,255.0,255.0,255.0,0.05363226079266346,8769.39167353732,0.39132525902322013,7186.037567945224,0.25952831565933937,363.525904758806,19974.75859824359,7.391918968503758,10.04583401743963,0.00023914222139904718,6.500240033287352,-0.3180828686616876,0.9884629060520829,2.4285568694808646,4
174.10810330604735,9943.040692325902,235.0,255.0,-0.7964560763317315,1.9573814496184614,0.18099622711582058,3.4505676760092228,0.0,255.0,0.08804707779631207,0.0,92.0,255.0,255.0,255.0,0.12597227314508386,8498.94875600329,0.3292608021935039,6260.948831337106,0.3804343950881444,401.5010142815608,16544.8465693451,6.346982068013924,8.295433396527093,0.0005289775661337681,5.693437234128365,-0.3071386141304169,0.9707857613335049,2.1147571331446344,5
95.1971064153817,10421.842742088333,48.0,0.0,0.48832985690269703,1.5701586891744812,0.1407261680122911,3.723832945716969,0.0,255.0,0.07277745607145962,0.0,0.0,198.0,255.0,255.0,0.039795177991690786,9716.9038496368,0.42662752026775447,8436.328066500337,0.2324982750208338,318.3862637463966,24028.40841636457,7.612238802405134,10.240322186498144,0.00019491358603661944,6.630323052534532,-0.39608476638369755,0.9967598530869851,3.1035285381295052,1
155.09979059585,11753.097751948644,209.0,255.0,-0.4494187980126165,1.4298385901848587,0.1761101423621821,3.3359167359242363,0.0,255.0,0.09320987629487992,0.0,18.0,255.0,255.0,255.0,0.16739639925371497,8332.748385193592,0.4127510887818357,7083.758564709755,0.43706250817575576,394.2254589685113,20002.28587364543,5.95901476517456,7.72779359104954,0.0007005128036844275,5.322869131846214,-0.3610695697263785,0.98278877530639,2.6206976700531537,2
120.09472682276794,11203.722681298066,112.0,0.0,0.07300357462191304,1.3057353079304366,0.10958366570721129,3.8941230591379985,0.0,255.0,0.08812214760999817,0.0,0.0,241.0,255.0,255.0,0.04502439040812096,9515.367782773177,0.3858249769062676,7703.069658041276,0.24636219100101303,347.44278253094393,21296.910849391912,7.504382468142136,10.168649302873877,0.00021360796913911484,6.571653836614955,-0.35971918764642064,0.9939842210955434,2.5290214717463972,3
136.5386128561457,11508.876708494143,160.0,255.0,-0.17074994867057333,1.3041629687032896,0.11761041028869709,3.7824812346863634,0.0,255.0,0.0926412710373758,0.0,4.0,255.0,255.0,255.0,0.08102281895270784,8428.075229208898,0.4368169855238625,7439.576299016752,0.31512746914849493,367.1417546477983,21330.22996685811,6.995188326095136,9.36516355980995,0.0003561785076009277,6.137717209056477,-0.35655437056826694,0.990956778632524,2.750733531820467,4
132.08127419252492,10908.656026203418,148.0,0.0,-0.12055578405802034,1.3300875666824368,0.08606615636507672,4.112573642517768,0.0,255.0,0.09210635750578594,0.0,5.0,245.0,255.0,255.0,0.02584665593227462,10827.818710309944,0.29199304190394726,7570.775334519185,0.18837392081864743,348.0094026255039,19455.282627766752,7.8507979885467565,10.746170892726862,0.0001261552999317339,6.940570742471821,-0.31239870928237246,0.9900769723479138,2.3150495809622966,5
127.34889269623706,11741.048104529651,133.0,0.0,-0.028587119466659882,1.2641087309230736,0.12761383385792197,3.683867873753749,0.0,255.0,0.09055879757179518,0.0,0.0,252.0,255.0,255.0,0.0728628168083186,7632.1855444789,0.47369020528102357,7243.064578551166,0.302407931409352,369.0062696889986,21340.072769725775,7.066859641358698,9.383815294706679,0.0003277448125187831,6.152097949635447,-0.3586467007083693,0.9916216109061027,2.7272712945205217,1
161.59035471793896,10867.202554420805,214.0,255.0,-0.5765789711597519,1.6133269725881059,0.15226394589250627,3.561348291589413,0.0,255.0,0.09052977737354878,0.0,45.0,255.0,255.0,255.0,0.11070623709160024,7785.807733453708,0.40703900452140496,6553.762760787544,0.3621274588391369,393.83935477345176,18429.243309696474,6.55200546745328,8.658725718642865,0.00047264135587227397,5.810256840469693,-0.3205497180572877,0.9813518534839072,2.173708388684859,2
141.63629671933498,11632.752290384264,160.0,255.0,-0.21931470510366358,1.3087857680177097,0.13826696238464098,3.629806116262953,0.0,255.0,0.08930698509958125,0.0,10.0,255.0,255.0,255.0,0.1309414774670431,7953.375445358804,0.49215883310284564,7803.257751062774,0.3895874128962681,367.5101378847749,23259.65555889227,6.436631841457922,8.587225472170484,0.0005576565122634274,5.612011026508119,-0.3939067401339161,0.9924459512435277,2.751780382214182,3
144.71425851894156,11399.489542048716,170.0,255.0,-0.28901515444330844,1.3554560445616681,0.12357139245535342,3.7510312986321543,0.0,255.0,0.09009758225516326,0.0,13.0,255.0,255.0,255.0,0.08710430059185496,8830.858180310113,0.4036783003741149,7389.43118906338,0.32479587930762355,371.7415297620698,20726.866575943408,6.910043763081406,9.239227060573015,0.00038016945659669814,6.075665136108263,-0.3430029364256952,0.9888552679527381,2.4800116605455154,4
135.5653531315439,11194.343618118917,160.0,0.0,-0.17749719775641704,1.3243392711640791,0.10033900780580465,3.953686859616243,0.0,255.0,0.09330636736069012,0.0,4.0,250.0,255.0,255.0,0.04736215181475391,10577.311365997875,0.2757142121656457,7284.964337334134,0.2468925330797721,360.9163409448537,18562.545983338685,7.444424501534828,10.161706554580721,0.00021576763099904957,6.630385241266251,-0.33149337147769065,0.9911178475726734,2.3207222258722933,5
130.40492417031538,11593.137112278857,144.0,0.0,-0.08629666524675655,1.2797406985590118,0.12389395651465906,3.729729204779415,0.0,255.0,0.09202106497395296,0.0,0.0,252.0,255.0,255.0,0.07044283538305364,8499.108584559566,0.39421020376365756,7003.6318927874745,0.2975283311639294,370.9563059807915,19515.418986590303,7.09334176513249,9.49876717288986,0.0003162009695875744,6.228258172850632,-0.3560731978308591,0.9916390102574211,2.2719473821587766,1
157.54065613300338,10649.607354953187,199.0,255.0,-0.5190708341445769,1.5804356160197868,0.12450618087265072,3.7891175124422003,0.0,255.0,0.08954346342036497,0.0,40.0,255.0,255.0,255.0,0.0862345549553131,7701.722898816246,0.41633217125841443,6579.843751480315,0.3238238537589019,386.10069776778846,18617.652107104994,6.868524888075743,9.230203525771024,0.00037361194311662975,6.056810195305026,-0.3294045202971452,0.9864716716232955,2.1855051917324357,2
138.34481883368233,11208.742630139091,160.0,255.0,-0.2196452479365798,1.3418415394597791,0.1098903139123826,3.868483980802716,0.0,255.0,0.0914317626587826,0.0,5.0,254.0,255.0,255.0,0.08552836000611999,8034.248687252073,0.4239054175663553,6960.945573032333,0.3227814719717016,370.55047120575426,19809.53360487725,6.934607479877507,9.438487671766312,0.00037541356500327106,6.056058113569169,-0.38457236582498056,0.9943478809394446,2.483928292794479,3
156.43297163525605,11161.421468311624,203.0,255.0,-0.48772356184651694,1.5086179488266531,0.15059777037512423,3.5640267060171085,0.0,255.0,0.09107930828032618,0.0,28.0,255.0,255.0,255.0,0.13828559891757336,8451.489624844668,0.3884902436042874,6854.680511168912,0.3993635519339204,389.6139891592535,18967.232419830994,6.286440651817934,8.355544409258403,0.0005841639658520348,5.592172132331725,-0.36555110816822245,0.9876331724925382,2.406885529044797,4
165.2940415000952,10221.60336925584,212.0,255.0,-0.6669576885202049,1.7792418154884266,0.1380515210948707,3.6812730184268014,0.0,255.0,0.08808677945328507,0.0,66.0,255.0,255.0,255.0,0.08508054301156251,8178.517246462704,0.3030296815193769,5836.7915222103275,0.32147786805512385,398.32190404135855,15168.6488423786,6.781053735652059,9.093879928980778,0.00036906885598614775,6.053986009509327,-0.3044807576680177,0.9803326001032859,1.861087019590645,5
107.30102163842885,13264.65274984904,33.0,0.0,0.31142800632576445,1.2410210116813627,0.2571418584213537,2.599585583440868,0.0,255.0,0.053536886777233325,0.0,0.0,255.0,255.0,255.0,0.2714016822208825,4846.889950662847,0.6261938460610215,6480.190201853069,0.55524445268743,408.58276592344754,21073.870856749403,4.9124275328930285,6.079260473833219,0.0011517620908641135,4.232594072735036,-0.49376446121931317,0.9905069189928879,3.089942963135476,1
178.93013516086046,9641.47918413711,250.0,255.0,-0.8639709152952015,2.084888481198908,0.2440250298936669,3.1433397850569955,0.0,255.0,0.08836626813380126,0.0,104.0,255.0,255.0,255.0,0.2518554470481953,4977.006287713858,0.5961605545706519,6155.4097873947885,0.5227321728850902,406.0638434586854,19644.63286186532,5.257436253560651,6.8994832324363315,0.0010284906830395038,4.610125081209612,-0.43035206687518524,0.9885059368720708,2.423454816507197,2
128.4894726822768,12386.129313991398,119.5,255.0,0.0022224665014425114,1.21907126484623,0.16268697487519446,3.353459489763058,0.0,255.0,0.08507783031819986,0.0,1.0,255.0,255.0,255.0,0.1748880427318219,6449.99486099163,0.6272371750564557,8642.845898244705,0.4471038687864989,363.15497649052037,28121.388731987237,5.955499656570791,7.718724971918828,0.0007393669129002987,5.1867004583839,-0.4210720448515716,0.9917605195037391,3.6484263139706323,3
172.09426994098612,9136.109690038116,218.0,255.0,-0.7257228572555366,1.9492974753839636,0.15357801406175603,3.7602408649118275,0.0,255.0,0.08579497193774374,2.0,95.0,255.0,255.0,253.0,0.12023600582588094,6543.382837885718,0.5081867611174371,6647.042728385817,0.3710692518468129,380.5591629424224,20044.78807565756,6.569389557968593,8.930579208836857,0.000503327290535481,5.7538183579739846,-0.3593266709531361,0.989862963227456,2.069159548960072,4
148.104016752332,11390.961667747366,181.0,255.0,-0.35243737136694236,1.394406484640799,0.13560212886951092,3.6543286409456686,0.0,255.0,0.09083902207440889,0.0,14.0,255.0,255.0,255.0,0.11048395112621417,8666.59901948047,0.4001121599326112,7176.494683755236,0.35997232144590563,380.078666821196,20039.379715540483,6.603218403663881,8.765871711829547,0.0004726356610299786,5.857841923322644,-0.35265261890611516,0.9879271402389536,2.335668660052857,5
126.17044228694714,12809.909054339914,114.0,255.0,0.016876255832023932,1.1871807763191853,0.17840379836716647,3.1908930472096464,0.0,255.0,0.08462424366991302,0.0,0.0,255.0,255.0,255.0,0.1696249762447446,7083.857436259027,0.5379156711389059,7650.544615875055,0.4451552563336775,385.40888544073226,23518.321027241167,5.929554142843993,7.592263032201846,0.0007255380167334121,5.190163961299298,-0.40018219158588086,0.9884722458824831,2.9931533224284044,1
143.88801319880704,12672.093835576328,177.0,255.0,-0.25275843938286296,1.2461282170800114,0.2010645523333224,3.087765382953744,0.0,255.0,0.09246173047971708,0.0,3.0,255.0,255.0,255.0,0.26051711475763234,4964.951338336829,0.6610040282441447,7319.763130880232,0.5403121651292184,398.256481751681,24314.10118518409,5.124299404148904,6.531933435550991,0.0010853157128754471,4.411086731069421,-0.458164784450832,0.9895930329981766,3.5148546493827606,2
128.62308522114347,12680.21607343094,129.0,255.0,-0.019755797116169677,1.1973923939762763,0.17445497599778909,3.2368381357767095,0.0,255.0,0.08830309638485886,0.0,0.0,255.0,255.0,255.0,0.19041800209489312,7005.792380687188,0.5565658822344599,7886.700127926304,0.4660922109372174,380.7330487490164,24541.008131018025,5.776483554777733,7.422693337973846,0.000804649097252237,5.0506860591682265,-0.4276196403467389,0.9910455527519106,3.1295754004885903,3
128.8975188781014,12552.029312902803,131.0,255.0,-0.02835206905932504,1.2044887253042216,0.17055068503376142,3.2827936573466334,0.0,255.0,0.0887955271899659,0.0,0.0,255.0,255.0,255.0,0.18387263078079286,7030.234413005916,0.5467889291179919,7738.013795877143,0.4578162672041125,380.7656686899725,23921.82077050265,5.841812642307282,7.554583699631422,0.0007764595521489663,5.1084249329307605,-0.42941581385392097,0.9917990596034886,2.853983715464285,4
141.1455041563551,11750.467634723074,160.5,255.0,-0.23409940306065133,1.3093608570906763,0.1392000190250636,3.595140431155935,0.0,255.0,0.08975744239990736,0.0,5.0,255.0,255.0,255.0,0.10309332694058553,8836.606230677144,0.3888234153429034,7193.725795242313,0.35014266179104814,380.60919535558435,19938.296950292148,6.661472909058775,8.731364272108863,0.00044417764898071034,5.912476657091242,-0.3479011756297675,0.9866740910648295,2.0673814989964887,5
164.7415191319246,12460.861004772654,254.0,255.0,-0.6129290615267664,1.5269192382443562,0.30167476876754107,2.437942152978267,0.0,255.0,0.09674171717298913,0.0,10.0,255.0,255.0,255.0,0.4244845410516826,3904.748546601351,0.5807396611532919,4680.164422251517,0.6770575049646657,443.7891384900921,14815.909142404693,3.706277711132972,4.514750650566559,0.0017287856532007782,3.275599682852567,-0.47562852019792246,0.968931007595959,2.5415661429193874,1
184.93610000634558,10924.802612335418,255.0,255.0,-1.0070779053926506,2.182244858061886,0.3861562255939121,2.1213573469711666,0.0,255.0,0.0863472270807235,0.0,105.0,255.0,255.0,255.0,0.516045659096326,3589.8603452579014,0.5361725689164815,3873.6638112942783,0.7401704378213374,457.83717385241664,11904.794899919143,3.0270973417656295,3.6229591150485314,0.002079956733942352,2.7314057355947523,-0.4818925241476487,0.9475562847466446,2.322099478912121,2
161.3852655625357,12136.353975645558,240.0,255.0,-0.5616645256500932,1.5032844175487705,0.24569213314866048,2.809509928096876,0.0,255.0,0.09599348076065005,0.0,12.0,255.0,255.0,255.0,0.3227943727881745,5480.815300391359,0.4999875180946795,5470.272024342099,0.5948214326979708,428.27893334590317,16400.272796977006,4.505093753854425,5.651127293477309,0.001325581394936031,4.019302192929425,-0.44171305641394054,0.9791567739248846,2.630095883388824,3
146.80484802335172,12769.164974168812,190.0,255.0,-0.3061975249595401,1.2744171544850562,0.23380964920481262,2.836545577286686,0.0,255.0,0.09389368905513013,0.0,0.0,255.0,255.0,255.0,0.3616304772443927,5229.6691034155265,0.5729475915568086,6126.749596907301,0.6263142597953115,419.7180003569699,19277.329284213694,4.2074652356019335,5.253152918275047,0.0014839013073721609,3.7510161406661107,-0.5202270291764701,0.9870526891592113,2.804219639485452,4
162.1193222920236,11741.777480828505,230.0,255.0,-0.5912337957332041,1.5554716480449557,0.19296674305079947,3.1529630309811565,0.0,255.0,0.0935468436068664,0.0,21.0,255.0,255.0,255.0,0.19691574674465168,5012.0614487241455,0.5273890530576353,5294.343736159044,0.4806771331880432,424.01568535879136,16165.313495912029,5.49429818259075,7.088551108148593,0.0008302174174725528,4.79366617158422,-0.3839078087166605,0.9822739315759996,2.461585906220362,5
158.33857478266387,10652.77581978029,202.0,255.0,-0.6007112492411028,1.6650332556869112,0.12140081630682156,3.7060693864739624,0.0,255.0,0.08976126268068448,0.0,29.75,255.0,255.0,255.0,0.09999058304031923,4636.478125028906,0.48181026533645954,4497.557554599653,0.3591346876173047,412.09278315996943,13353.752093369716,6.526948123470534,8.988159946259819,0.00045060534335320326,5.536828290659329,-0.36687323906999864,0.991121047102825,2.9254855312828503,1
164.2782410051399,11859.169897185553,239.5,255.0,-0.6162661489572734,1.5746252970061567,0.2452804444294815,2.8487466187538675,0.0,255.0,0.09420473122826996,0.0,22.0,255.0,255.0,255.0,0.3340171539354917,4640.240121764415,0.5618007472556702,5276.19297706635,0.604815346092257,430.5839190261246,16464.531786500964,4.454353649099101,5.632367261925764,0.0013720615964527836,3.9016509761464517,-0.4687806708425859,0.9837412608904696,2.450567099961172,2
156.02391014658292,12244.101837164155,220.5,255.0,-0.4817288454731197,1.4229730200446282,0.21705324417823213,2.9760786800302417,0.0,255.0,0.09517286415246727,0.0,5.0,255.0,255.0,255.0,0.30101121164287814,4747.943942245216,0.5518452244843244,5305.993817426017,0.5779949613965579,427.4168765951378,16476.031327458826,4.684050547763933,5.975626274948089,0.0012466405446886265,4.112659142025155,-0.4745566905573389,0.987529189171318,2.503757353748481,3
147.3294498381877,12969.953861915652,199.0,255.0,-0.30974740027130454,1.2633143096487904,0.2549499236913666,2.6763209892246085,0.0,255.0,0.09574960060707038,0.0,0.0,255.0,255.0,255.0,0.42232631011924304,3073.0466327167237,0.7107080043464525,5366.610777813537,0.6749311442314273,432.71111775241513,18393.396478537405,3.7513397013990066,4.626459551854005,0.0017294129347025346,3.237308433213661,-0.5613832298853674,0.9856188255322406,2.971486728318057,4
128.91142839012628,11860.285896020509,140.0,0.0,-0.05633531053081994,1.2573531450967255,0.13702350535581836,3.6043277481119467,0.0,255.0,0.09178518703858761,0.0,0.0,254.0,255.0,255.0,0.09577381966096912,8056.190802819745,0.43081690545180207,7024.469585745186,0.3445504833681936,377.9916433472455,20041.687540160965,6.730445558091847,8.891309132400053,0.000424121250676725,5.886807948100811,-0.379725918600908,0.9917706758429639,2.2608945086762455,5
139.9919284218542,11209.902259453858,162.0,255.0,-0.25149192551871125,1.3646143213948825,0.11992490946535206,3.768263596071122,0.0,255.0,0.09091897086382941,0.0,5.0,255.0,255.0,255.0,0.08655580007364506,8092.122033082433,0.38029203048678034,6471.813231456728,0.32736325465327015,378.0986232662513,17795.130892744462,6.859099450000771,9.29531889073246,0.00038377457282559146,6.005231205946174,-0.3662363485096107,0.9921398522249809,2.206158856082473,1
165.9749984136049,11075.94169778894,228.0,255.0,-0.6508837648477689,1.6865040413503922,0.22275674823312394,3.0833847439475197,0.0,255.0,0.0909755626742864,0.0,46.0,255.0,255.0,255.0,0.27704255122830607,4983.855550417612,0.5508448978759413,5536.214952251612,0.5527772915598403,418.00649770973354,17161.004258588837,4.968624294301022,6.425334494938734,0.0011428736986595026,4.338737160324292,-0.4536932631083102,0.9882719452514758,2.2771587029715388,2
128.1011231677137,10923.172240084528,140.0,0.0,-0.06722946454453661,1.3297251395229537,0.10185942543623229,3.9685399886535295,0.0,255.0,0.09236577536254875,0.0,1.0,242.0,255.0,255.0,0.06314594131535549,9459.016068177893,0.35094087731990253,7245.799566615969,0.27980721110873186,351.7046174656949,19524.18219828597,7.238890108042412,9.979558603819228,0.00028335118919561647,6.383504259451431,-0.3843931863924057,0.9956432347864025,2.413744607458674,3
126.03398692810458,11779.048262377735,128.0,0.0,0.001495754027209854,1.2735811568779882,0.1536413888488139,3.4662610265364804,0.0,255.0,0.08976712373178043,0.0,0.0,255.0,255.0,255.0,0.17259525360510097,5585.893639485374,0.6097671538982141,7163.108253361537,0.44613063166930594,375.38829169887083,23066.539373960775,5.947353556562108,7.802940972426519,0.0007371539005216867,5.093420639205371,-0.47444887959049054,0.9960132810673306,2.8946241439945233,4
120.02446855764958,10809.818587446633,118.0,0.0,0.05374580487453201,1.3301451688639307,0.09982244350374912,4.020396590175599,0.0,255.0,0.09050471642773954,0.0,0.0,231.0,255.0,255.0,0.030089677387117805,11127.548476460808,0.25652193594224454,7380.345113104205,0.20301878917652033,340.56219409363047,18393.831975956,7.743933773424883,10.68816068658066,0.0001473540042722902,6.844383857454664,-0.3486092226360063,0.9943436542382535,2.492038424798657,5
142.1324703344121,11767.130094089323,168.0,255.0,-0.272272802953352,1.325325481866686,0.14520846012464358,3.533026190745918,0.0,255.0,0.09119296502987453,0.0,3.0,255.0,255.0,255.0,0.14512566481770262,7180.289605711709,0.4538632048140773,6560.038590658529,0.41319005599302017,390.31115008928543,19059.864756922398,6.187811172704508,8.233453819122971,0.0006217051513426874,5.396914175690755,-0.4112721167467642,0.9928170715354393,2.6284745737531954,1
158.11805317596293,11015.080669586469,203.0,255.0,-0.5368243397948971,1.5740361865112706,0.1589600879588674,3.4930938056996044,0.0,255.0,0.0901086660415634,0.0,30.0,255.0,255.0,255.0,0.16247457103877136,6741.68509170358,0.4468019900048242,6059.752308586503,0.4335771039750477,400.4755196868606,17497.32414264245,6.01057260181565,7.988909249443675,0.0006866162588712285,5.263871866014405,-0.3944703075083352,0.9899374783460526,2.3012289988536807,2
142.704790913129,11238.65899184523,167.0,255.0,-0.29020213014339624,1.3748048463899878,0.11662793615817113,3.7978319351212764,0.0,255.0,0.09055651110681226,0.0,7.0,255.0,255.0,255.0,0.07973751444587435,8813.89116204562,0.3552551829456107,6772.524794583764,0.3154409079459677,377.17083356932505,18276.208016289456,6.9522844299490965,9.390408603599424,0.0003551475423384683,6.122107614517287,-0.35347828929975156,0.9908744778255535,2.3963885572502246,3
123.15380417539184,11324.991416046774,123.0,0.0,0.025377228266769917,1.2944467942768367,0.12063318559071595,3.7845661631745626,0.0,255.0,0.09005435585744975,0.0,0.0,245.0,255.0,255.0,0.08527021283485228,9383.98764214969,0.3777138295654582,7504.161985758903,0.3203167092646554,355.0573000253061,20632.660300885902,6.920326292100451,9.39358887939493,0.0003762080134679089,6.128329330930399,-0.40844028631665985,0.9959381872367095,2.584507552875845,4
139.30010787486515,10989.326721819329,160.0,255.0,-0.24175974076398324,1.3692073640246047,0.09855371077911232,3.97555393666363,0.0,255.0,0.09080474404252692,0.0,7.0,252.0,255.0,255.0,0.04647128525197376,10582.419171426194,0.2747734733991558,7159.540884645112,0.24710067900810825,361.8782325369396,18055.744367154275,7.430939444535967,10.150863961230279,0.00021483791792691176,6.566190764384853,-0.32799834366897684,0.9902221521900062,2.4189868155683705,5
180.5334856272606,10425.776042678915,251.0,255.0,-0.9414297253755197,2.1208780865875636,0.24683215774200185,2.9264470477543325,0.0,255.0,0.08775645948843612,0.0,103.0,255.0,255.0,255.0,0.25454833344084915,5087.046350419938,0.47944733456135313,4854.229926845523,0.5386253564021571,434.607785797592,14329.873356962147,5.024756228341968,6.446274430983474,0.0010583677371084497,4.430392846646825,-0.36553383275220575,0.9698668249725079,2.2412288261195923,1
176.23747699727141,10791.105674911123,243.0,255.0,-0.8828697186069995,1.9947834014135308,0.21262358571303555,3.0552270549079865,0.0,255.0,0.08845143231573409,0.0,81.75,255.0,255.0,255.0,0.23924912977092477,5333.770139850973,0.41239797791369626,4508.395527288751,0.5245366012361505,437.0398002953046,12699.81196930402,5.116083154448888,6.740476770183287,0.0010017038418247322,4.47596976641308,-0.38230410500190387,0.9784126174014941,2.9661779572118725,2
154.1721175201472,11544.544497300232,207.0,255.0,-0.4729541665713905,1.4551458712391985,0.13471855156836568,3.5940362476557857,0.0,255.0,0.0933209895625777,0.0,15.0,255.0,255.0,255.0,0.10468875106362827,7999.952540041986,0.35333183903233395,6167.209017220603,0.36204555534453564,402.00497927084,16668.883528840393,6.5308066785009045,8.734839910639142,0.00046056500206070373,5.770816116921052,-0.33619353156094545,0.9849020305169742,2.2545876663110507,3
175.94811853544007,11212.340804583624,255.0,255.0,-0.8421604512550956,1.9056141496392203,0.28808130988787395,2.6368176654145645,0.0,255.0,0.09075811412814191,0.0,66.0,255.0,255.0,255.0,0.38280791171287437,4447.906082062449,0.5191700007672353,4575.829128013982,0.6454647566980881,442.6374878554779,13855.410429993484,4.048373806385527,5.090690462414635,0.001564211960337801,3.558420448571942,-0.46319082719192384,0.9756229288863089,2.6966332604599,4
169.82813630306492,10335.538876182365,227.0,255.0,-0.7374710998391376,1.8405303965783588,0.16113728196902763,3.5229646089369315,0.0,255.0,0.08871627223437566,0.0,71.0,255.0,255.0,255.0,0.12620912258730937,7575.407701912303,0.3761855014564758,6014.897640417246,0.3871931368738773,404.6538334997068,16484.182859756664,6.32097180657963,8.381845511100455,0.0005364804256826725,5.627300082367214,-0.33003345400495154,0.9805045162708861,2.129907431447137,5
155.68490386445842,11527.831533525658,207.0,255.0,-0.5038282198321915,1.4911341615579599,0.15654574359882906,3.441147587327979,0.0,255.0,0.09241419182468792,0.0,14.75,255.0,255.0,255.0,0.14440551832511822,6954.477836571339,0.39318702657636195,5685.686449891051,0.4134269676920701,410.0846908243482,15788.267962992853,6.092569252154069,8.063149565497156,0.0006184055373441726,5.369896930567754,-0.35916530188489487,0.9843150718172469,2.1778672785234985,1
181.35303001459485,10378.21500737592,249.0,255.0,-0.9738545360299387,2.1749751889113655,0.23308551907448857,2.964648337222451,0.0,255.0,0.0870111397465462,0.0,105.0,255.0,255.0,255.0,0.25276475365003354,5222.750464567961,0.40383613379132177,4362.413651050227,0.5379820412036509,440.80959998581056,12226.90413963297,4.9608342652097,6.466097575544531,0.001053221782447944,4.376262795245799,-0.37452805768922337,0.9729795588265562,2.5383406213714794,2
179.51534995875372,9993.230690948756,239.0,255.0,-0.9692692267371797,2.2068125773652305,0.15971677137115753,3.404984785453938,0.0,255.0,0.08611867919535784,0.0,105.0,255.0,255.0,255.0,0.1141253733402581,6184.74184705908,0.319573066413628,4490.71628859277,0.38145968585053636,431.0198522697145,11778.12330731198,6.16480022797732,8.279016025538617,0.0005054747715466918,5.44675770002515,-0.28751545110975174,0.9663984018075116,2.2648533036314067,3
158.33491972840918,11488.676731153455,215.0,255.0,-0.5467615580491848,1.5297736858971194,0.15816204806549788,3.4155674854063958,0.0,255.0,0.09260672455429489,0.0,18.0,255.0,255.0,255.0,0.15700598744661387,7037.411545699113,0.3729631470245173,5568.03411694543,0.4307596675157752,413.5208670720991,15234.724922082598,5.945872449473671,7.914502967337792,0.0006728881999597581,5.2301008929477915,-0.37478762836062646,0.9861358177470139,2.3655636271208804,4
153.78914905768133,11370.573101771957,199.0,255.0,-0.46057408710119563,1.470644248010155,0.14970530740930044,3.5276758962943155,0.0,255.0,0.09172777186233669,0.0,16.75,255.0,255.0,255.0,0.1230337378508392,8350.213930179438,0.3490453248262943,6358.852600498676,0.38023353913400754,396.9567131245455,17085.19647181526,6.384871530418094,8.425574404431078,0.0005256226519726004,5.700693076212214,-0.3439071219181449,0.9840509351807216,2.0220684299309104,5
